Workbook
Name BatasAset: Pengaturan!$C$9
Name BatasDD: Pengaturan!$C$10
Name DaftarKartu: Kartu!$A$6:$A$105
Name Dasar1: Pengaturan!$C$15
Name Dasar2: Pengaturan!$C$16
Name Dasar3: Pengaturan!$C$17
Name Dasar4: Pengaturan!$C$18
Name Dasar5: Pengaturan!$C$19
Name JmlPutaran: Pengaturan!$C$7
Name LogKartu: Log_Putaran!$C$6:$C$35
Name LogWaktu: Log_Putaran!$D$6:$D$35
Name Modal: Pengaturan!$C$6
Name NamaAcara: Pengaturan!$C$5
Name PesanScript: Pengaturan!$C$27
Name PutaranKini: Log_Putaran!$G$3
Name TahapAktif: Pengaturan!$C$8

Sheet Dashboard
B2: =NamaAcara -> Game Investasi: Kelola Portofolio, Hadapi Skenario
B4: Setiap putaran = 1 kuartal · 5 kelas aset: Sukuk/SBN · Saham · RD Pasar Uang · Emas · RD Campuran · Aset tertinggi menang
B6: PUTARAN | F6: WAKTU SIMULASI | J6: TAHAP | N6: PESERTA AKTIF | R6: ASET TERTINGGI
B7: =PutaranKini&" / "&JmlPutaran -> 2 / 30 | F7: =IF(PutaranKini=0,"Awal",("Tahun "&(INT((PutaranKini-1)/4)+1)&" · Q"&(MOD(PutaranKini-1,4)+1))) -> Tahun 1 · Q2 | J7: ="Tahap "&MIN(INT(MAX(PutaranKini-1,0)/10)+1,IF(JmlPutaran=10,1,3))&IF(JmlPutaran=10," (tunggal)"," dari 3") -> Tahap 1 dari 3 | N7: =COUNTIF(Perhitungan!$AQ$6:$AQ$65,TRUE()) -> 2 | R7: =IF(COUNTIF(Perhitungan!$AQ$6:$AQ$65,TRUE())=0,"-",MAX(Perhitungan!$BW$6:$BW$65)) -> 1.0105294e+08
B8: =IF(PutaranKini>=JmlPutaran,"Permainan selesai 🎉","Sisa "&(JmlPutaran-PutaranKini)&" putaran") -> Sisa 28 putaran | F8: ="≈ "&FIXED(PutaranKini/4,1)&" tahun berjalan" -> ≈ 0.5 tahun berjalan | J8: ="Tahap aktif di pengaturan: "&TahapAktif -> Tahap aktif di pengaturan: 3 | N8: =IF(SUMPRODUCT((Perhitungan!$K$6:$K$65<>"OK")*(Perhitungan!$K$6:$K$65<>"Belum isi"))+SUMPRODUCT((Perhitungan!$S$6:$S$65<>"OK")*(Perhitungan!$S$6:$S$65<>"Belum isi"))+SUMPRODUCT((Perhitungan!$AA$6:$AA$65<>"OK")*(Perhitungan!$AA$6:$AA$65<>"Belum isi"))=0,"Semua input valid ✓","⚠ "&(SUMPRODUCT((Perhitungan!$K$6:$K$65<>"OK")*(Perhitungan!$K$6:$K$65<>"Belum isi"))+SUMPRODUCT((Perhitungan!$S$6:$S$65<>"OK")*(Perhitungan!$S$6:$S$65<>"Belum isi"))+SUMPRODUCT((Perhitungan!$AA$6:$AA$65<>"OK")*(Perhitungan!$AA$6:$AA$65<>"Belum isi")))&" input perlu dicek") -> ⚠ 1 input perlu dicek | R8: =IF(COUNTIF(Perhitungan!$AQ$6:$AQ$65,TRUE())=0,"Menunggu peserta","Rata-rata: "&FIXED(AVERAGEIF(Perhitungan!$AQ$6:$AQ$65,TRUE(),Perhitungan!$BW$6:$BW$65)/1000000,1)&" jt") -> Rata-rata: 100.4 jt
B10: ="Pesan sistem: "&IF(Pengaturan!$C$27="","siap",Pengaturan!$C$27) -> Pesan sistem: Putaran 2: kartu K053 keluar (2026-10-07 16:33:57 WIB).
B12: KARTU SKENARIO PUTARAN INI | M12: 🏆 PAPAN PERINGKAT (TOP 10)
B13: =IF(PutaranKini=0,"—","Putaran "&PutaranKini&" · "&IF(PutaranKini=0,"",INDEX(Log_Putaran!$C$6:$C$35,PutaranKini))) -> Putaran 2 · K053 | E13: =IF(PutaranKini=0,"",INDEX(Kartu!$B$6:$B$105,MATCH(IF(PutaranKini=0,"",INDEX(Log_Putaran!$C$6:$C$35,PutaranKini)),Kartu!$A$6:$A$105,0))) -> Geopolitik & Global | M13: # | N13: ± | O13: Peserta / Tim | R13: Total Aset | T13: Return | U13: Max DD
B14: =IF(PutaranKini=0,"Belum ada kartu — tekan tombol Kocok Kartu untuk memulai",INDEX(Kartu!$C$6:$C$105,MATCH(IF(PutaranKini=0,"",INDEX(Log_Putaran!$C$6:$C$35,PutaranKini)),Kartu!$A$6:$A$105,0))) -> Ketegangan Laut China Selatan | M14: =IF(Data_Grafik!$AI$6="","","🥇") -> 🥇 | N14: =IF(Data_Grafik!$AI$6="","",IF(PutaranKini=0,"–",IF(INDEX(Perhitungan!$CE$6:$CE$65,Data_Grafik!$AI$6)>0,"▲"&INDEX(Perhitungan!$CE$6:$CE$65,Data_Grafik!$AI$6),IF(INDEX(Perhitungan!$CE$6:$CE$65,Data_Grafik!$AI$6)<0,"▼"&-INDEX(Perhitungan!$CE$6:$CE$65,Data_Grafik!$AI$6),"–")))) -> – | O14: =Data_Grafik!B6 | R14: =IF(Data_Grafik!$AI$6="","",INDEX(Perhitungan!$BW$6:$BW$65,Data_Grafik!$AI$6)) -> 1.0105294e+08 | T14: =IF(Data_Grafik!$AI$6="","",INDEX(Perhitungan!$BY$6:$BY$65,Data_Grafik!$AI$6)) -> 0.010529425 | U14: =IF(Data_Grafik!$AI$6="","",INDEX(Perhitungan!$BZ$6:$BZ$65,Data_Grafik!$AI$6)) -> 0
M15: =IF(Data_Grafik!$AI$7="","","🥈") -> 🥈 | N15: =IF(Data_Grafik!$AI$7="","",IF(PutaranKini=0,"–",IF(INDEX(Perhitungan!$CE$6:$CE$65,Data_Grafik!$AI$7)>0,"▲"&INDEX(Perhitungan!$CE$6:$CE$65,Data_Grafik!$AI$7),IF(INDEX(Perhitungan!$CE$6:$CE$65,Data_Grafik!$AI$7)<0,"▼"&-INDEX(Perhitungan!$CE$6:$CE$65,Data_Grafik!$AI$7),"–")))) -> – | O15: =Data_Grafik!B7 -> pandu | R15: =IF(Data_Grafik!$AI$7="","",INDEX(Perhitungan!$BW$6:$BW$65,Data_Grafik!$AI$7)) -> 99748175 | T15: =IF(Data_Grafik!$AI$7="","",INDEX(Perhitungan!$BY$6:$BY$65,Data_Grafik!$AI$7)) -> -0.00251825 | U15: =IF(Data_Grafik!$AI$7="","",INDEX(Perhitungan!$BZ$6:$BZ$65,Data_Grafik!$AI$7)) -> 0.00251825
B16: =IF(PutaranKini=0,"",INDEX(Kartu!$D$6:$D$105,MATCH(IF(PutaranKini=0,"",INDEX(Log_Putaran!$C$6:$C$35,PutaranKini)),Kartu!$A$6:$A$105,0))) -> Insiden militer meningkatkan ketegangan kawasan. | M16: =IF(Data_Grafik!$AI$8="","","🥉") | N16: =IF(Data_Grafik!$AI$8="","",IF(PutaranKini=0,"–",IF(INDEX(Perhitungan!$CE$6:$CE$65,Data_Grafik!$AI$8)>0,"▲"&INDEX(Perhitungan!$CE$6:$CE$65,Data_Grafik!$AI$8),IF(INDEX(Perhitungan!$CE$6:$CE$65,Data_Grafik!$AI$8)<0,"▼"&-INDEX(Perhitungan!$CE$6:$CE$65,Data_Grafik!$AI$8),"–")))) | O16: =Data_Grafik!B8 | R16: =IF(Data_Grafik!$AI$8="","",INDEX(Perhitungan!$BW$6:$BW$65,Data_Grafik!$AI$8)) | T16: =IF(Data_Grafik!$AI$8="","",INDEX(Perhitungan!$BY$6:$BY$65,Data_Grafik!$AI$8)) | U16: =IF(Data_Grafik!$AI$8="","",INDEX(Perhitungan!$BZ$6:$BZ$65,Data_Grafik!$AI$8))
M17: =IF(Data_Grafik!$AI$9="","","4") | N17: =IF(Data_Grafik!$AI$9="","",IF(PutaranKini=0,"–",IF(INDEX(Perhitungan!$CE$6:$CE$65,Data_Grafik!$AI$9)>0,"▲"&INDEX(Perhitungan!$CE$6:$CE$65,Data_Grafik!$AI$9),IF(INDEX(Perhitungan!$CE$6:$CE$65,Data_Grafik!$AI$9)<0,"▼"&-INDEX(Perhitungan!$CE$6:$CE$65,Data_Grafik!$AI$9),"–")))) | O17: =Data_Grafik!B9 | R17: =IF(Data_Grafik!$AI$9="","",INDEX(Perhitungan!$BW$6:$BW$65,Data_Grafik!$AI$9)) | T17: =IF(Data_Grafik!$AI$9="","",INDEX(Perhitungan!$BY$6:$BY$65,Data_Grafik!$AI$9)) | U17: =IF(Data_Grafik!$AI$9="","",INDEX(Perhitungan!$BZ$6:$BZ$65,Data_Grafik!$AI$9))
B18: =IF(PutaranKini=0,"","💡 Mengapa? "&INDEX(Kartu!$E$6:$E$105,MATCH(IF(PutaranKini=0,"",INDEX(Log_Putaran!$C$6:$C$35,PutaranKini)),Kartu!$A$6:$A$105,0))) -> 💡 Mengapa? Risiko geopolitik kawasan menaikkan premi risiko aset Indonesia. Emas diuntungkan. | M18: =IF(Data_Grafik!$AI$10="","","5") | N18: =IF(Data_Grafik!$AI$10="","",IF(PutaranKini=0,"–",IF(INDEX(Perhitungan!$CE$6:$CE$65,Data_Grafik!$AI$10)>0,"▲"&INDEX(Perhitungan!$CE$6:$CE$65,Data_Grafik!$AI$10),IF(INDEX(Perhitungan!$CE$6:$CE$65,Data_Grafik!$AI$10)<0,"▼"&-INDEX(Perhitungan!$CE$6:$CE$65,Data_Grafik!$AI$10),"–")))) | O18: =Data_Grafik!B10 | R18: =IF(Data_Grafik!$AI$10="","",INDEX(Perhitungan!$BW$6:$BW$65,Data_Grafik!$AI$10)) | T18: =IF(Data_Grafik!$AI$10="","",INDEX(Perhitungan!$BY$6:$BY$65,Data_Grafik!$AI$10)) | U18: =IF(Data_Grafik!$AI$10="","",INDEX(Perhitungan!$BZ$6:$BZ$65,Data_Grafik!$AI$10))
M19: =IF(Data_Grafik!$AI$11="","","6") | N19: =IF(Data_Grafik!$AI$11="","",IF(PutaranKini=0,"–",IF(INDEX(Perhitungan!$CE$6:$CE$65,Data_Grafik!$AI$11)>0,"▲"&INDEX(Perhitungan!$CE$6:$CE$65,Data_Grafik!$AI$11),IF(INDEX(Perhitungan!$CE$6:$CE$65,Data_Grafik!$AI$11)<0,"▼"&-INDEX(Perhitungan!$CE$6:$CE$65,Data_Grafik!$AI$11),"–")))) | O19: =Data_Grafik!B11 | R19: =IF(Data_Grafik!$AI$11="","",INDEX(Perhitungan!$BW$6:$BW$65,Data_Grafik!$AI$11)) | T19: =IF(Data_Grafik!$AI$11="","",INDEX(Perhitungan!$BY$6:$BY$65,Data_Grafik!$AI$11)) | U19: =IF(Data_Grafik!$AI$11="","",INDEX(Perhitungan!$BZ$6:$BZ$65,Data_Grafik!$AI$11))
M20: =IF(Data_Grafik!$AI$12="","","7") | N20: =IF(Data_Grafik!$AI$12="","",IF(PutaranKini=0,"–",IF(INDEX(Perhitungan!$CE$6:$CE$65,Data_Grafik!$AI$12)>0,"▲"&INDEX(Perhitungan!$CE$6:$CE$65,Data_Grafik!$AI$12),IF(INDEX(Perhitungan!$CE$6:$CE$65,Data_Grafik!$AI$12)<0,"▼"&-INDEX(Perhitungan!$CE$6:$CE$65,Data_Grafik!$AI$12),"–")))) | O20: =Data_Grafik!B12 | R20: =IF(Data_Grafik!$AI$12="","",INDEX(Perhitungan!$BW$6:$BW$65,Data_Grafik!$AI$12)) | T20: =IF(Data_Grafik!$AI$12="","",INDEX(Perhitungan!$BY$6:$BY$65,Data_Grafik!$AI$12)) | U20: =IF(Data_Grafik!$AI$12="","",INDEX(Perhitungan!$BZ$6:$BZ$65,Data_Grafik!$AI$12))
B21: Sukuk/SBN | D21: Saham | F21: RD Pasar Uang | H21: Emas | J21: RD Campuran | M21: =IF(Data_Grafik!$AI$13="","","8") | N21: =IF(Data_Grafik!$AI$13="","",IF(PutaranKini=0,"–",IF(INDEX(Perhitungan!$CE$6:$CE$65,Data_Grafik!$AI$13)>0,"▲"&INDEX(Perhitungan!$CE$6:$CE$65,Data_Grafik!$AI$13),IF(INDEX(Perhitungan!$CE$6:$CE$65,Data_Grafik!$AI$13)<0,"▼"&-INDEX(Perhitungan!$CE$6:$CE$65,Data_Grafik!$AI$13),"–")))) | O21: =Data_Grafik!B13 | R21: =IF(Data_Grafik!$AI$13="","",INDEX(Perhitungan!$BW$6:$BW$65,Data_Grafik!$AI$13)) | T21: =IF(Data_Grafik!$AI$13="","",INDEX(Perhitungan!$BY$6:$BY$65,Data_Grafik!$AI$13)) | U21: =IF(Data_Grafik!$AI$13="","",INDEX(Perhitungan!$BZ$6:$BZ$65,Data_Grafik!$AI$13))
B22: =IF(PutaranKini=0,"",INDEX(Log_Putaran!$G$6:$G$35,PutaranKini)) -> 0.0175 | D22: =IF(PutaranKini=0,"",INDEX(Log_Putaran!$H$6:$H$35,PutaranKini)) -> -0.04 | F22: =IF(PutaranKini=0,"",INDEX(Log_Putaran!$I$6:$I$35,PutaranKini)) -> 0.011 | H22: =IF(PutaranKini=0,"",INDEX(Log_Putaran!$J$6:$J$35,PutaranKini)) -> 0.062 | J22: =IF(PutaranKini=0,"",INDEX(Log_Putaran!$K$6:$K$35,PutaranKini)) -> -0.0126 | M22: =IF(Data_Grafik!$AI$14="","","9") | N22: =IF(Data_Grafik!$AI$14="","",IF(PutaranKini=0,"–",IF(INDEX(Perhitungan!$CE$6:$CE$65,Data_Grafik!$AI$14)>0,"▲"&INDEX(Perhitungan!$CE$6:$CE$65,Data_Grafik!$AI$14),IF(INDEX(Perhitungan!$CE$6:$CE$65,Data_Grafik!$AI$14)<0,"▼"&-INDEX(Perhitungan!$CE$6:$CE$65,Data_Grafik!$AI$14),"–")))) | O22: =Data_Grafik!B14 | R22: =IF(Data_Grafik!$AI$14="","",INDEX(Perhitungan!$BW$6:$BW$65,Data_Grafik!$AI$14)) | T22: =IF(Data_Grafik!$AI$14="","",INDEX(Perhitungan!$BY$6:$BY$65,Data_Grafik!$AI$14)) | U22: =IF(Data_Grafik!$AI$14="","",INDEX(Perhitungan!$BZ$6:$BZ$65,Data_Grafik!$AI$14))
B23: =IF(PutaranKini=0,"","dasar "&FIXED(Dasar1*100,1)&"% · kartu "&IF(INDEX(Kartu!$F$6:$F$105,MATCH(IF(PutaranKini=0,"",INDEX(Log_Putaran!$C$6:$C$35,PutaranKini)),Kartu!$A$6:$A$105,0))>0,"+","")&FIXED(INDEX(Kartu!$F$6:$F$105,MATCH(IF(PutaranKini=0,"",INDEX(Log_Putaran!$C$6:$C$35,PutaranKini)),Kartu!$A$6:$A$105,0))*100,1)&"%") -> dasar 1.8% · kartu 0.0% | D23: =IF(PutaranKini=0,"","dasar "&FIXED(Dasar2*100,1)&"% · kartu "&IF(INDEX(Kartu!$G$6:$G$105,MATCH(IF(PutaranKini=0,"",INDEX(Log_Putaran!$C$6:$C$35,PutaranKini)),Kartu!$A$6:$A$105,0))>0,"+","")&FIXED(INDEX(Kartu!$G$6:$G$105,MATCH(IF(PutaranKini=0,"",INDEX(Log_Putaran!$C$6:$C$35,PutaranKini)),Kartu!$A$6:$A$105,0))*100,1)&"%") -> dasar 0.0% · kartu -4.0% | F23: =IF(PutaranKini=0,"","dasar "&FIXED(Dasar3*100,1)&"% · kartu "&IF(INDEX(Kartu!$H$6:$H$105,MATCH(IF(PutaranKini=0,"",INDEX(Log_Putaran!$C$6:$C$35,PutaranKini)),Kartu!$A$6:$A$105,0))>0,"+","")&FIXED(INDEX(Kartu!$H$6:$H$105,MATCH(IF(PutaranKini=0,"",INDEX(Log_Putaran!$C$6:$C$35,PutaranKini)),Kartu!$A$6:$A$105,0))*100,1)&"%") -> dasar 1.1% · kartu 0.0% | H23: =IF(PutaranKini=0,"","dasar "&FIXED(Dasar4*100,1)&"% · kartu "&IF(INDEX(Kartu!$I$6:$I$105,MATCH(IF(PutaranKini=0,"",INDEX(Log_Putaran!$C$6:$C$35,PutaranKini)),Kartu!$A$6:$A$105,0))>0,"+","")&FIXED(INDEX(Kartu!$I$6:$I$105,MATCH(IF(PutaranKini=0,"",INDEX(Log_Putaran!$C$6:$C$35,PutaranKini)),Kartu!$A$6:$A$105,0))*100,1)&"%") -> dasar 0.2% · kartu +6.0% | J23: =IF(PutaranKini=0,"","dasar "&FIXED(Dasar5*100,1)&"% · kartu "&IF(INDEX(Kartu!$J$6:$J$105,MATCH(IF(PutaranKini=0,"",INDEX(Log_Putaran!$C$6:$C$35,PutaranKini)),Kartu!$A$6:$A$105,0))>0,"+","")&FIXED(INDEX(Kartu!$J$6:$J$105,MATCH(IF(PutaranKini=0,"",INDEX(Log_Putaran!$C$6:$C$35,PutaranKini)),Kartu!$A$6:$A$105,0))*100,1)&"%") -> dasar 0.7% · kartu -2.0% | M23: =IF(Data_Grafik!$AI$15="","","10") | N23: =IF(Data_Grafik!$AI$15="","",IF(PutaranKini=0,"–",IF(INDEX(Perhitungan!$CE$6:$CE$65,Data_Grafik!$AI$15)>0,"▲"&INDEX(Perhitungan!$CE$6:$CE$65,Data_Grafik!$AI$15),IF(INDEX(Perhitungan!$CE$6:$CE$65,Data_Grafik!$AI$15)<0,"▼"&-INDEX(Perhitungan!$CE$6:$CE$65,Data_Grafik!$AI$15),"–")))) | O23: =Data_Grafik!B15 | R23: =IF(Data_Grafik!$AI$15="","",INDEX(Perhitungan!$BW$6:$BW$65,Data_Grafik!$AI$15)) | T23: =IF(Data_Grafik!$AI$15="","",INDEX(Perhitungan!$BY$6:$BY$65,Data_Grafik!$AI$15)) | U23: =IF(Data_Grafik!$AI$15="","",INDEX(Perhitungan!$BZ$6:$BZ$65,Data_Grafik!$AI$15))
B25: RIWAYAT 5 KARTU TERAKHIR | M25: ="🏅 INVESTOR TANGGUH (max drawdown ≤ "&ROUND(BatasDD*100,0)&"%"&")" -> 🏅 INVESTOR TANGGUH (max drawdown ≤ 10%)
B26: =IF((PutaranKini-0)<1,"","Putaran "&(PutaranKini-0)) -> Putaran 2 | D26: =IF((PutaranKini-0)<1,"",INDEX(Log_Putaran!$E$6:$E$35,(PutaranKini-0))&" · "&INDEX(Log_Putaran!$F$6:$F$35,(PutaranKini-0))) -> Ketegangan Laut China Selatan · Geopolitik & Global | M26: 1 | N26: =IF(Data_Grafik!$C$29="","(belum ada)",Data_Grafik!B29) | R26: =IF(Data_Grafik!$C$29="","",INDEX(Perhitungan!$BW$6:$BW$65,Data_Grafik!$C$29)) -> 1.0105294e+08 | T26: =IF(Data_Grafik!$C$29="","",INDEX(Perhitungan!$BZ$6:$BZ$65,Data_Grafik!$C$29)) -> 0
B27: =IF((PutaranKini-1)<1,"","Putaran "&(PutaranKini-1)) -> Putaran 1 | D27: =IF((PutaranKini-1)<1,"",INDEX(Log_Putaran!$E$6:$E$35,(PutaranKini-1))&" · "&INDEX(Log_Putaran!$F$6:$F$35,(PutaranKini-1))) -> Asing Lepas SBN Besar-besaran · Pasar Modal | M27: 2 | N27: =IF(Data_Grafik!$C$30="","(belum ada)",Data_Grafik!B30) -> pandu | R27: =IF(Data_Grafik!$C$30="","",INDEX(Perhitungan!$BW$6:$BW$65,Data_Grafik!$C$30)) -> 99748175 | T27: =IF(Data_Grafik!$C$30="","",INDEX(Perhitungan!$BZ$6:$BZ$65,Data_Grafik!$C$30)) -> 0.00251825
B28: =IF((PutaranKini-2)<1,"","Putaran "&(PutaranKini-2)) | D28: =IF((PutaranKini-2)<1,"",INDEX(Log_Putaran!$E$6:$E$35,(PutaranKini-2))&" · "&INDEX(Log_Putaran!$F$6:$F$35,(PutaranKini-2))) | M28: 3 | N28: =IF(Data_Grafik!$C$31="","(belum ada)",Data_Grafik!B31) -> (belum ada) | R28: =IF(Data_Grafik!$C$31="","",INDEX(Perhitungan!$BW$6:$BW$65,Data_Grafik!$C$31)) | T28: =IF(Data_Grafik!$C$31="","",INDEX(Perhitungan!$BZ$6:$BZ$65,Data_Grafik!$C$31))
B29: =IF((PutaranKini-3)<1,"","Putaran "&(PutaranKini-3)) | D29: =IF((PutaranKini-3)<1,"",INDEX(Log_Putaran!$E$6:$E$35,(PutaranKini-3))&" · "&INDEX(Log_Putaran!$F$6:$F$35,(PutaranKini-3))) | M29: Peringkat utama = total aset tertinggi. 'Investor Tangguh' = aset tertinggi di antara peserta yang penurunan terdalamnya dari puncak tetap kecil — hasil bagus dengan risiko terkendali.
B30: =IF((PutaranKini-4)<1,"","Putaran "&(PutaranKini-4)) | D30: =IF((PutaranKini-4)<1,"",INDEX(Log_Putaran!$E$6:$E$35,(PutaranKini-4))&" · "&INDEX(Log_Putaran!$F$6:$F$35,(PutaranKini-4)))
B32: GRAFIK PERKEMBANGAN

Sheet Panduan
B2: Panduan Fasilitator & Setup
B5: A. ALUR PERMAINAN
B6: 1. Registrasi: bagikan kode peserta (P01, P02, … lihat sheet Peserta) ke tiap peserta/tim.
B7: 2. Peserta mengisi Microsoft Forms: kode, nama, Tahap = 1, dan porsi 5 aset dalam persen utuh (total 100). Data masuk otomatis ke sheet Input.
B8: 3. Cek Dashboard: 'Peserta aktif' bertambah. Jika muncul '⚠ input perlu dicek', buka sheet Perhitungan (status merah) dan minta peserta submit ulang. Submission TERAKHIR yang dipakai.
B9: 4. Tutup form (Forms → 'Accepting responses' OFF). Tekan tombol Kocok Kartu → bacakan narasi & penjelasan kartu → leaderboard dan grafik ter-update. Ulangi per putaran.
B10: 5. Mode 30 putaran: setelah putaran 10, buka form lagi; peserta submit Tahap = 2 (nilai asetnya lihat di leaderboard). Peserta yang tidak submit memakai komposisi tahap sebelumnya.
B11: Setelah semua masuk, tutup form, lalu ubah 'Tahap aktif' di Pengaturan menjadi 2. Tombol Kocok Kartu sengaja menolak masuk tahap berikutnya sebelum ini dilakukan. Sama untuk Tahap 3 setelah putaran 20.
B12: 6. Aset di awal tahap baru = total aset akhir tahap sebelumnya × porsi baru (rebalancing otomatis).
B13: 7. Pemenang: aset tertinggi di akhir permainan. Penghargaan tambahan 'Investor Tangguh' untuk menonjolkan pentingnya mengelola risiko.
B14: B. SETUP SEKALI (Microsoft 365)
B15: 1. Simpan workbook ini di OneDrive for Business atau SharePoint (akun kantor). Nama tabel di sheet Input harus tetap 'tblInput'.
... B34: • Excel for the web tidak menjalankan VBA; karena itu tombol memakai Office Scripts.

Sheet Pengaturan
B2: Pengaturan Game
B3: Sel berlatar kuning = boleh diubah fasilitator. Angka biru = asumsi/input.
B5: Nama acara | C5: Game Investasi: Kelola Portofolio, Hadapi Skenario | D5: Tampil di banner Dashboard.
B6: Modal awal per peserta (Rp) | C6: 100000000 | D6: Sesuai permintaan: Rp100 juta.
B7: Jumlah putaran (10 atau 30) | C7: 30 | D7: 10 = satu tahap. 30 = tiga tahap × 10 putaran, peserta boleh ganti komposisi di awal tahap 2 dan 3.
B8: Tahap aktif (1/2/3) | C8: 3 | D8: Tombol Kocok Kartu menolak masuk tahap berikutnya sebelum angka ini dinaikkan. Naikkan SETELAH alokasi baru terkumpul & form ditutup.
B9: Batas maksimum per aset | C9: 1 | D9: 100% = tanpa batas. Isi misal 60% untuk memaksa diversifikasi.
B10: Batas max drawdown 'Investor Tangguh' | C10: 0.1 | D10: Penghargaan kedua: aset tertinggi di antara peserta yang penurunan terdalamnya (dari puncak) tidak melebihi batas ini.
B13: Imbal hasil dasar per putaran (1 putaran = 1 kuartal)
B14: Aset | C14: Imbal hasil dasar / kuartal | D14: Dasar asumsi
B15: Sukuk/SBN | C15: 0.0175 | D15: Imbalan sukuk negara 7% per tahun = 1,75% per kuartal, tetap setiap putaran. Diasumsikan sukuk negara ritel yang dipegang hingga jatuh tempo: imbalan & pokok dijamin negara, tidak terpengaruh kartu.
B16: Saham | C16: 0 | D16: 0% (Opsi A): hasil saham murni dari kartu. 50 kartu naik & 50 kartu turun dengan besaran berpasangan (total ±369%). Ubah ke 1,5% bila ingin memasukkan dividen/pertumbuhan laba (Opsi B).
B17: RD Pasar Uang | C17: 0.011 | D17: Imbal hasil deposito/instrumen pasar uang ±4,5% per tahun; hampir tanpa fluktuasi.
B18: Emas | C18: 0.002 | D18: Emas tidak memberi imbal hasil; naik saat krisis/inflasi/rupiah melemah, turun saat risk-on atau dolar kuat. Rata-rata ±7%/tahun, volatilitas ±9%/tahun.
B19: RD Campuran | C19: 0.0074 | D19: Kombinasi 50% saham + 45% sukuk + 5% pasar uang, dikurangi biaya 0,1%/kuartal. Dampak kartu = 1/2 dampak saham (juga 50 naik/50 turun).
B21: Hasil uji 20.000 simulasi acak (kartu + imbal hasil dasar):
B22: • 10 putaran: Sukuk pasti +18,9%. Saham median −3%, peluang rugi 55%, 1 dari 20 permainan rugi ≥41%. RD Campuran median +7%, peluang rugi 33%.
B23: • Walau naik & turun seimbang, saham cenderung rugi: naik 10% lalu turun 10% = −1% (volatility drag). Poin edukasi untuk penutup game.
B24: • Saham tetap bisa menang besar kalau beruntung (1 dari 20 permainan +50% atau lebih), tetapi peluangnya seperti lempar koin. Sukuk memberi hasil pasti.
B27: Pesan terakhir dari script (otomatis) | C27: Putaran 2: kartu K053 keluar (2026-10-07 16:33:57 WIB).

Sheet Kartu
B2: Daftar 100 Kartu Skenario
B3: Dampak = perubahan TAMBAHAN di luar imbal hasil dasar, per kuartal. Boleh diedit (angka biru).
A5: ID | B5: Kategori | C5: Judul | D5: Narasi (dibacakan) | E5: Penjelasan ekonomi | F5: Sukuk/SBN | G5: Saham | H5: RD Pasar Uang | I5: Emas | J5: RD Campuran
A6: K001 | B6: Moneter & Suku Bunga | C6: BI Rate Naik 25 bps | D6: Bank Indonesia menaikkan suku bunga acuan untuk meredam inflasi. | E6: Suku bunga naik → biaya pinjaman emiten naik dan valuasi saham tertekan. Imbal hasil pasar uang ikut naik. Pemegang sukuk negara ritel tidak terdampak: imbalan tetap dibayar. | F6: 0 | G6: -0.05 | H6: 0.002 | I6: -0.025 | J6: -0.025
A7: K002 | B7: Moneter & Suku Bunga | C7: BI Rate Naik 50 bps | D7: BI menaikkan suku bunga secara agresif untuk menahan pelemahan rupiah. | E7: Kenaikan besar menekan valuasi saham. Instrumen pasar uang justru diuntungkan karena bunga deposito naik. Pemegang sukuk negara ritel tidak terdampak: imbalan tetap dibayar. | F7: 0 | G7: -0.1 | H7: 0.004 | I7: -0.035 | J7: -0.05
A8: K003 | B8: Moneter & Suku Bunga | C8: BI Rate Turun 25 bps | D8: Inflasi jinak, BI memangkas suku bunga acuan. | E8: Biaya dana lebih murah mendorong laba dan valuasi saham. Imbal hasil pasar uang sedikit turun. | F8: 0 | G8: 0.04 | H8: -0.002 | I8: 0.025 | J8: 0.02
A9: K004 | B9: Moneter & Suku Bunga | C9: BI Rate Turun 50 bps | D9: BI memangkas suku bunga agresif untuk mendorong pertumbuhan. | E9: Pemangkasan besar memicu reli saham karena biaya dana turun tajam. Imbal hasil pasar uang turun. | F9: 0 | G9: 0.12 | H9: -0.003 | I9: 0.035 | J9: 0.06
A10: K005 | B10: Moneter & Suku Bunga | C10: BI Rate Ditahan | D10: BI mempertahankan suku bunga sesuai ekspektasi pasar. | E10: Tidak ada kejutan kebijakan. Pasar tenang dan cenderung sedikit positif karena ketidakpastian berkurang. | F10: 0 | G10: 0.03 | H10: 0 | I10: 0 | J10: 0.015
A11: K006 | B11: Moneter & Suku Bunga | C11: The Fed Naikkan Suku Bunga | D11: Bank sentral AS menaikkan suku bunga; dolar AS menguat. | E11: Selisih imbal hasil RI–AS menyempit → investor asing menarik dana dari pasar saham. Emas tertekan karena dolar kuat. Pemegang sukuk negara ritel tidak terdampak: imbalan tetap dibayar. | F11: 0 | G11: -0.06 | H11: 0.001 | I11: -0.07 | J11: -0.03
A12: K007 | B12: Moneter & Suku Bunga | C12: The Fed Pangkas Suku Bunga | D12: The Fed menurunkan suku bunga; dolar AS melemah. | E12: Dana global mencari imbal hasil lebih tinggi di negara berkembang, termasuk saham Indonesia. Emas naik karena bunga riil turun. | F12: 0 | G12: 0.18 | H12: 0 | I12: 0.095 | J12: 0.09
A13: K008 | B13: Moneter & Suku Bunga | C13: Sinyal 'Higher for Longer' | D13: Bank sentral global memberi sinyal suku bunga tinggi bertahan lama. | E13: Harapan penurunan bunga pupus → saham terkoreksi. Emas tertekan karena opportunity cost memegang emas naik. Pemegang sukuk negara ritel tidak terdampak: imbalan tetap dibayar. | F13: 0 | G13: -0.06 | H13: 0.002 | I13: -0.05 | J13: -0.03
A14: K009 | B14: Moneter & Suku Bunga | C14: Likuiditas Perbankan Ketat | D14: Bank berebut dana pihak ketiga; bunga deposito naik. | E14: Likuiditas ketat menaikkan yield pasar dan menekan harga aset berisiko. Reksa dana pasar uang menikmati bunga deposito yang lebih tinggi. | F14: 0 | G14: -0.04 | H14: 0.004 | I14: 0 | J14: -0.02
A15: K010 | B15: Moneter & Suku Bunga | C15: Pelonggaran Makroprudensial | D15: BI melonggarkan giro wajib minimum dan aturan kredit. | E15: Likuiditas bank bertambah sehingga kredit dan konsumsi terdorong. Saham, terutama perbankan, naik. | F15: 0 | G15: 0.04 | H15: -0.001 | I15: 0 | J15: 0.02
A16: K011 | B16: Moneter & Suku Bunga | C16: Intervensi Rupiah Berhasil | D16: BI melakukan intervensi triple intervention; rupiah kembali stabil. | E16: Stabilitas kurs mengurangi risiko nilai tukar bagi investor asing, sehingga dana kembali ke pasar saham. Emas dalam rupiah sedikit turun. | F16: 0 | G16: 0.04 | H16: 0 | I16: -0.025 | J16: 0.02
A17: K012 | B17: Moneter & Suku Bunga | C17: Kurva Yield Mendatar | D17: Yield jangka pendek naik mendekati jangka panjang; pasar khawatir perlambatan. | E17: Pasar khawatir perlambatan ekonomi → saham tertekan kekhawatiran laba, emas diburu. Pemegang sukuk negara ritel tidak terdampak: imbalan tetap dibayar. | F17: 0 | G17: -0.06 | H17: 0 | I17: 0.05 | J17: -0.03
... A105: K100 | B105: Tenang / Netral | C105: Pasar Wait and See | D105: Investor menunggu arah kebijakan menjelang pengumuman penting. | E105: Ketidakpastian membuat investor menahan diri dan sedikit menambah aset aman. | F105: 0 | G105: -0.02 | H105: 0 | I105: 0.01 | J105: -0.01

Sheet Log_Putaran
B2: Log Putaran
B3: Kolom C (ID) & D (Waktu) diisi tombol Kocok Kartu. Bila perlu manual, ketik ID kartu (mis. K017) di kolom C. | F3: Putaran terkini: | G3: =COUNTIF(C6:C35,"?*") -> 2
A5: Putaran | B5: Tahap | C5: Kartu ID | D5: Waktu | E5: Judul | F5: Kategori | G5: Return Sukuk/SBN | H5: Return Saham | I5: Return RD Pasar Uang | J5: Return Emas | K5: Return RD Campuran | L5: Faktor tahap Sukuk/SBN | M5: Faktor tahap Saham | N5: Faktor tahap RD Pasar Uang | O5: Faktor tahap Emas | P5: Faktor tahap RD Campuran | Q5: Indeks Sukuk/SBN | R5: Indeks Saham | S5: Indeks RD Pasar Uang | T5: Indeks Emas | U5: Indeks RD Campuran
A6: 1 | B6: 1 | C6: K040 | D6: 46302.69 | E6: =IF($C6="","",INDEX(Kartu!$C$6:$C$105,MATCH($C6,Kartu!$A$6:$A$105,0))) -> Asing Lepas SBN Besar-besaran | F6: =IF($C6="","",INDEX(Kartu!$B$6:$B$105,MATCH($C6,Kartu!$A$6:$A$105,0))) -> Pasar Modal | G6: =IF($C6="","",Dasar1+INDEX(Kartu!$F$6:$F$105,MATCH($C6,Kartu!$A$6:$A$105,0))) -> 0.0175 | H6: =IF($C6="","",Dasar2+INDEX(Kartu!$G$6:$G$105,MATCH($C6,Kartu!$A$6:$A$105,0))) -> -0.03 | I6: =IF($C6="","",Dasar3+INDEX(Kartu!$H$6:$H$105,MATCH($C6,Kartu!$A$6:$A$105,0))) -> 0.011 | J6: =IF($C6="","",Dasar4+INDEX(Kartu!$I$6:$I$105,MATCH($C6,Kartu!$A$6:$A$105,0))) -> 0.022 | K6: =IF($C6="","",Dasar5+INDEX(Kartu!$J$6:$J$105,MATCH($C6,Kartu!$A$6:$A$105,0))) -> -0.0076 | L6: =IF($C6="","",1+G6) -> 1.0175 | M6: =IF($C6="","",1+H6) -> 0.97 | N6: =IF($C6="","",1+I6) -> 1.011 | O6: =IF($C6="","",1+J6) -> 1.022 | P6: =IF($C6="","",1+K6) -> 0.9924 | Q6: =IF($C6="","",100*(1+G6)) -> 101.75 | R6: =IF($C6="","",100*(1+H6)) -> 97 | S6: =IF($C6="","",100*(1+I6)) -> 101.1 | T6: =IF($C6="","",100*(1+J6)) -> 102.2 | U6: =IF($C6="","",100*(1+K6)) -> 99.24
A7: 2 | B7: 1 | C7: K053 | D7: 46302.69 | E7: =IF($C7="","",INDEX(Kartu!$C$6:$C$105,MATCH($C7,Kartu!$A$6:$A$105,0))) -> Ketegangan Laut China Selatan | F7: =IF($C7="","",INDEX(Kartu!$B$6:$B$105,MATCH($C7,Kartu!$A$6:$A$105,0))) -> Geopolitik & Global | G7: =IF($C7="","",Dasar1+INDEX(Kartu!$F$6:$F$105,MATCH($C7,Kartu!$A$6:$A$105,0))) -> 0.0175 | H7: =IF($C7="","",Dasar2+INDEX(Kartu!$G$6:$G$105,MATCH($C7,Kartu!$A$6:$A$105,0))) -> -0.04 | I7: =IF($C7="","",Dasar3+INDEX(Kartu!$H$6:$H$105,MATCH($C7,Kartu!$A$6:$A$105,0))) -> 0.011 | J7: =IF($C7="","",Dasar4+INDEX(Kartu!$I$6:$I$105,MATCH($C7,Kartu!$A$6:$A$105,0))) -> 0.062 | K7: =IF($C7="","",Dasar5+INDEX(Kartu!$J$6:$J$105,MATCH($C7,Kartu!$A$6:$A$105,0))) -> -0.0126 | L7: =IF($C7="","",L6*(1+G7)) -> 1.0353063 | M7: =IF($C7="","",M6*(1+H7)) -> 0.9312 | N7: =IF($C7="","",N6*(1+I7)) -> 1.022121 | O7: =IF($C7="","",O6*(1+J7)) -> 1.085364 | P7: =IF($C7="","",P6*(1+K7)) -> 0.97989576 | Q7: =IF($C7="","",Q6*(1+G7)) -> 103.53063 | R7: =IF($C7="","",R6*(1+H7)) -> 93.12 | S7: =IF($C7="","",S6*(1+I7)) -> 102.2121 | T7: =IF($C7="","",T6*(1+J7)) -> 108.5364 | U7: =IF($C7="","",U6*(1+K7)) -> 97.989576
A8: 3 | B8: 1 | E8: =IF($C8="","",INDEX(Kartu!$C$6:$C$105,MATCH($C8,Kartu!$A$6:$A$105,0))) | F8: =IF($C8="","",INDEX(Kartu!$B$6:$B$105,MATCH($C8,Kartu!$A$6:$A$105,0))) | G8: =IF($C8="","",Dasar1+INDEX(Kartu!$F$6:$F$105,MATCH($C8,Kartu!$A$6:$A$105,0))) | H8: =IF($C8="","",Dasar2+INDEX(Kartu!$G$6:$G$105,MATCH($C8,Kartu!$A$6:$A$105,0))) | I8: =IF($C8="","",Dasar3+INDEX(Kartu!$H$6:$H$105,MATCH($C8,Kartu!$A$6:$A$105,0))) | J8: =IF($C8="","",Dasar4+INDEX(Kartu!$I$6:$I$105,MATCH($C8,Kartu!$A$6:$A$105,0))) | K8: =IF($C8="","",Dasar5+INDEX(Kartu!$J$6:$J$105,MATCH($C8,Kartu!$A$6:$A$105,0))) | L8: =IF($C8="","",L7*(1+G8)) | M8: =IF($C8="","",M7*(1+H8)) | N8: =IF($C8="","",N7*(1+I8)) | O8: =IF($C8="","",O7*(1+J8)) | P8: =IF($C8="","",P7*(1+K8)) | Q8: =IF($C8="","",Q7*(1+G8)) | R8: =IF($C8="","",R7*(1+H8)) | S8: =IF($C8="","",S7*(1+I8)) | T8: =IF($C8="","",T7*(1+J8)) | U8: =IF($C8="","",U7*(1+K8))
A9: 4 | B9: 1 | E9: =IF($C9="","",INDEX(Kartu!$C$6:$C$105,MATCH($C9,Kartu!$A$6:$A$105,0))) | F9: =IF($C9="","",INDEX(Kartu!$B$6:$B$105,MATCH($C9,Kartu!$A$6:$A$105,0))) | G9: =IF($C9="","",Dasar1+INDEX(Kartu!$F$6:$F$105,MATCH($C9,Kartu!$A$6:$A$105,0))) | H9: =IF($C9="","",Dasar2+INDEX(Kartu!$G$6:$G$105,MATCH($C9,Kartu!$A$6:$A$105,0))) | I9: =IF($C9="","",Dasar3+INDEX(Kartu!$H$6:$H$105,MATCH($C9,Kartu!$A$6:$A$105,0))) | J9: =IF($C9="","",Dasar4+INDEX(Kartu!$I$6:$I$105,MATCH($C9,Kartu!$A$6:$A$105,0))) | K9: =IF($C9="","",Dasar5+INDEX(Kartu!$J$6:$J$105,MATCH($C9,Kartu!$A$6:$A$105,0))) | L9: =IF($C9="","",L8*(1+G9)) | M9: =IF($C9="","",M8*(1+H9)) | N9: =IF($C9="","",N8*(1+I9)) | O9: =IF($C9="","",O8*(1+J9)) | P9: =IF($C9="","",P8*(1+K9)) | Q9: =IF($C9="","",Q8*(1+G9)) | R9: =IF($C9="","",R8*(1+H9)) | S9: =IF($C9="","",S8*(1+I9)) | T9: =IF($C9="","",T8*(1+J9)) | U9: =IF($C9="","",U8*(1+K9))
A10: 5 | B10: 1 | E10: =IF($C10="","",INDEX(Kartu!$C$6:$C$105,MATCH($C10,Kartu!$A$6:$A$105,0))) | F10: =IF($C10="","",INDEX(Kartu!$B$6:$B$105,MATCH($C10,Kartu!$A$6:$A$105,0))) | G10: =IF($C10="","",Dasar1+INDEX(Kartu!$F$6:$F$105,MATCH($C10,Kartu!$A$6:$A$105,0))) | H10: =IF($C10="","",Dasar2+INDEX(Kartu!$G$6:$G$105,MATCH($C10,Kartu!$A$6:$A$105,0))) | I10: =IF($C10="","",Dasar3+INDEX(Kartu!$H$6:$H$105,MATCH($C10,Kartu!$A$6:$A$105,0))) | J10: =IF($C10="","",Dasar4+INDEX(Kartu!$I$6:$I$105,MATCH($C10,Kartu!$A$6:$A$105,0))) | K10: =IF($C10="","",Dasar5+INDEX(Kartu!$J$6:$J$105,MATCH($C10,Kartu!$A$6:$A$105,0))) | L10: =IF($C10="","",L9*(1+G10)) | M10: =IF($C10="","",M9*(1+H10)) | N10: =IF($C10="","",N9*(1+I10)) | O10: =IF($C10="","",O9*(1+J10)) | P10: =IF($C10="","",P9*(1+K10)) | Q10: =IF($C10="","",Q9*(1+G10)) | R10: =IF($C10="","",R9*(1+H10)) | S10: =IF($C10="","",S9*(1+I10)) | T10: =IF($C10="","",T9*(1+J10)) | U10: =IF($C10="","",U9*(1+K10))
A11: 6 | B11: 1 | E11: =IF($C11="","",INDEX(Kartu!$C$6:$C$105,MATCH($C11,Kartu!$A$6:$A$105,0))) | F11: =IF($C11="","",INDEX(Kartu!$B$6:$B$105,MATCH($C11,Kartu!$A$6:$A$105,0))) | G11: =IF($C11="","",Dasar1+INDEX(Kartu!$F$6:$F$105,MATCH($C11,Kartu!$A$6:$A$105,0))) | H11: =IF($C11="","",Dasar2+INDEX(Kartu!$G$6:$G$105,MATCH($C11,Kartu!$A$6:$A$105,0))) | I11: =IF($C11="","",Dasar3+INDEX(Kartu!$H$6:$H$105,MATCH($C11,Kartu!$A$6:$A$105,0))) | J11: =IF($C11="","",Dasar4+INDEX(Kartu!$I$6:$I$105,MATCH($C11,Kartu!$A$6:$A$105,0))) | K11: =IF($C11="","",Dasar5+INDEX(Kartu!$J$6:$J$105,MATCH($C11,Kartu!$A$6:$A$105,0))) | L11: =IF($C11="","",L10*(1+G11)) | M11: =IF($C11="","",M10*(1+H11)) | N11: =IF($C11="","",N10*(1+I11)) | O11: =IF($C11="","",O10*(1+J11)) | P11: =IF($C11="","",P10*(1+K11)) | Q11: =IF($C11="","",Q10*(1+G11)) | R11: =IF($C11="","",R10*(1+H11)) | S11: =IF($C11="","",S10*(1+I11)) | T11: =IF($C11="","",T10*(1+J11)) | U11: =IF($C11="","",U10*(1+K11))
A12: 7 | B12: 1 | E12: =IF($C12="","",INDEX(Kartu!$C$6:$C$105,MATCH($C12,Kartu!$A$6:$A$105,0))) | F12: =IF($C12="","",INDEX(Kartu!$B$6:$B$105,MATCH($C12,Kartu!$A$6:$A$105,0))) | G12: =IF($C12="","",Dasar1+INDEX(Kartu!$F$6:$F$105,MATCH($C12,Kartu!$A$6:$A$105,0))) | H12: =IF($C12="","",Dasar2+INDEX(Kartu!$G$6:$G$105,MATCH($C12,Kartu!$A$6:$A$105,0))) | I12: =IF($C12="","",Dasar3+INDEX(Kartu!$H$6:$H$105,MATCH($C12,Kartu!$A$6:$A$105,0))) | J12: =IF($C12="","",Dasar4+INDEX(Kartu!$I$6:$I$105,MATCH($C12,Kartu!$A$6:$A$105,0))) | K12: =IF($C12="","",Dasar5+INDEX(Kartu!$J$6:$J$105,MATCH($C12,Kartu!$A$6:$A$105,0))) | L12: =IF($C12="","",L11*(1+G12)) | M12: =IF($C12="","",M11*(1+H12)) | N12: =IF($C12="","",N11*(1+I12)) | O12: =IF($C12="","",O11*(1+J12)) | P12: =IF($C12="","",P11*(1+K12)) | Q12: =IF($C12="","",Q11*(1+G12)) | R12: =IF($C12="","",R11*(1+H12)) | S12: =IF($C12="","",S11*(1+I12)) | T12: =IF($C12="","",T11*(1+J12)) | U12: =IF($C12="","",U11*(1+K12))
A13: 8 | B13: 1 | E13: =IF($C13="","",INDEX(Kartu!$C$6:$C$105,MATCH($C13,Kartu!$A$6:$A$105,0))) | F13: =IF($C13="","",INDEX(Kartu!$B$6:$B$105,MATCH($C13,Kartu!$A$6:$A$105,0))) | G13: =IF($C13="","",Dasar1+INDEX(Kartu!$F$6:$F$105,MATCH($C13,Kartu!$A$6:$A$105,0))) | H13: =IF($C13="","",Dasar2+INDEX(Kartu!$G$6:$G$105,MATCH($C13,Kartu!$A$6:$A$105,0))) | I13: =IF($C13="","",Dasar3+INDEX(Kartu!$H$6:$H$105,MATCH($C13,Kartu!$A$6:$A$105,0))) | J13: =IF($C13="","",Dasar4+INDEX(Kartu!$I$6:$I$105,MATCH($C13,Kartu!$A$6:$A$105,0))) | K13: =IF($C13="","",Dasar5+INDEX(Kartu!$J$6:$J$105,MATCH($C13,Kartu!$A$6:$A$105,0))) | L13: =IF($C13="","",L12*(1+G13)) | M13: =IF($C13="","",M12*(1+H13)) | N13: =IF($C13="","",N12*(1+I13)) | O13: =IF($C13="","",O12*(1+J13)) | P13: =IF($C13="","",P12*(1+K13)) | Q13: =IF($C13="","",Q12*(1+G13)) | R13: =IF($C13="","",R12*(1+H13)) | S13: =IF($C13="","",S12*(1+I13)) | T13: =IF($C13="","",T12*(1+J13)) | U13: =IF($C13="","",U12*(1+K13))
A14: 9 | B14: 1 | E14: =IF($C14="","",INDEX(Kartu!$C$6:$C$105,MATCH($C14,Kartu!$A$6:$A$105,0))) | F14: =IF($C14="","",INDEX(Kartu!$B$6:$B$105,MATCH($C14,Kartu!$A$6:$A$105,0))) | G14: =IF($C14="","",Dasar1+INDEX(Kartu!$F$6:$F$105,MATCH($C14,Kartu!$A$6:$A$105,0))) | H14: =IF($C14="","",Dasar2+INDEX(Kartu!$G$6:$G$105,MATCH($C14,Kartu!$A$6:$A$105,0))) | I14: =IF($C14="","",Dasar3+INDEX(Kartu!$H$6:$H$105,MATCH($C14,Kartu!$A$6:$A$105,0))) | J14: =IF($C14="","",Dasar4+INDEX(Kartu!$I$6:$I$105,MATCH($C14,Kartu!$A$6:$A$105,0))) | K14: =IF($C14="","",Dasar5+INDEX(Kartu!$J$6:$J$105,MATCH($C14,Kartu!$A$6:$A$105,0))) | L14: =IF($C14="","",L13*(1+G14)) | M14: =IF($C14="","",M13*(1+H14)) | N14: =IF($C14="","",N13*(1+I14)) | O14: =IF($C14="","",O13*(1+J14)) | P14: =IF($C14="","",P13*(1+K14)) | Q14: =IF($C14="","",Q13*(1+G14)) | R14: =IF($C14="","",R13*(1+H14)) | S14: =IF($C14="","",S13*(1+I14)) | T14: =IF($C14="","",T13*(1+J14)) | U14: =IF($C14="","",U13*(1+K14))
A15: 10 | B15: 1 | E15: =IF($C15="","",INDEX(Kartu!$C$6:$C$105,MATCH($C15,Kartu!$A$6:$A$105,0))) | F15: =IF($C15="","",INDEX(Kartu!$B$6:$B$105,MATCH($C15,Kartu!$A$6:$A$105,0))) | G15: =IF($C15="","",Dasar1+INDEX(Kartu!$F$6:$F$105,MATCH($C15,Kartu!$A$6:$A$105,0))) | H15: =IF($C15="","",Dasar2+INDEX(Kartu!$G$6:$G$105,MATCH($C15,Kartu!$A$6:$A$105,0))) | I15: =IF($C15="","",Dasar3+INDEX(Kartu!$H$6:$H$105,MATCH($C15,Kartu!$A$6:$A$105,0))) | J15: =IF($C15="","",Dasar4+INDEX(Kartu!$I$6:$I$105,MATCH($C15,Kartu!$A$6:$A$105,0))) | K15: =IF($C15="","",Dasar5+INDEX(Kartu!$J$6:$J$105,MATCH($C15,Kartu!$A$6:$A$105,0))) | L15: =IF($C15="","",L14*(1+G15)) | M15: =IF($C15="","",M14*(1+H15)) | N15: =IF($C15="","",N14*(1+I15)) | O15: =IF($C15="","",O14*(1+J15)) | P15: =IF($C15="","",P14*(1+K15)) | Q15: =IF($C15="","",Q14*(1+G15)) | R15: =IF($C15="","",R14*(1+H15)) | S15: =IF($C15="","",S14*(1+I15)) | T15: =IF($C15="","",T14*(1+J15)) | U15: =IF($C15="","",U14*(1+K15))
A16: 11 | B16: 2 | E16: =IF($C16="","",INDEX(Kartu!$C$6:$C$105,MATCH($C16,Kartu!$A$6:$A$105,0))) | F16: =IF($C16="","",INDEX(Kartu!$B$6:$B$105,MATCH($C16,Kartu!$A$6:$A$105,0))) | G16: =IF($C16="","",Dasar1+INDEX(Kartu!$F$6:$F$105,MATCH($C16,Kartu!$A$6:$A$105,0))) | H16: =IF($C16="","",Dasar2+INDEX(Kartu!$G$6:$G$105,MATCH($C16,Kartu!$A$6:$A$105,0))) | I16: =IF($C16="","",Dasar3+INDEX(Kartu!$H$6:$H$105,MATCH($C16,Kartu!$A$6:$A$105,0))) | J16: =IF($C16="","",Dasar4+INDEX(Kartu!$I$6:$I$105,MATCH($C16,Kartu!$A$6:$A$105,0))) | K16: =IF($C16="","",Dasar5+INDEX(Kartu!$J$6:$J$105,MATCH($C16,Kartu!$A$6:$A$105,0))) | L16: =IF($C16="","",1+G16) | M16: =IF($C16="","",1+H16) | N16: =IF($C16="","",1+I16) | O16: =IF($C16="","",1+J16) | P16: =IF($C16="","",1+K16) | Q16: =IF($C16="","",Q15*(1+G16)) | R16: =IF($C16="","",R15*(1+H16)) | S16: =IF($C16="","",S15*(1+I16)) | T16: =IF($C16="","",T15*(1+J16)) | U16: =IF($C16="","",U15*(1+K16))
A17: 12 | B17: 2 | E17: =IF($C17="","",INDEX(Kartu!$C$6:$C$105,MATCH($C17,Kartu!$A$6:$A$105,0))) | F17: =IF($C17="","",INDEX(Kartu!$B$6:$B$105,MATCH($C17,Kartu!$A$6:$A$105,0))) | G17: =IF($C17="","",Dasar1+INDEX(Kartu!$F$6:$F$105,MATCH($C17,Kartu!$A$6:$A$105,0))) | H17: =IF($C17="","",Dasar2+INDEX(Kartu!$G$6:$G$105,MATCH($C17,Kartu!$A$6:$A$105,0))) | I17: =IF($C17="","",Dasar3+INDEX(Kartu!$H$6:$H$105,MATCH($C17,Kartu!$A$6:$A$105,0))) | J17: =IF($C17="","",Dasar4+INDEX(Kartu!$I$6:$I$105,MATCH($C17,Kartu!$A$6:$A$105,0))) | K17: =IF($C17="","",Dasar5+INDEX(Kartu!$J$6:$J$105,MATCH($C17,Kartu!$A$6:$A$105,0))) | L17: =IF($C17="","",L16*(1+G17)) | M17: =IF($C17="","",M16*(1+H17)) | N17: =IF($C17="","",N16*(1+I17)) | O17: =IF($C17="","",O16*(1+J17)) | P17: =IF($C17="","",P16*(1+K17)) | Q17: =IF($C17="","",Q16*(1+G17)) | R17: =IF($C17="","",R16*(1+H17)) | S17: =IF($C17="","",S16*(1+I17)) | T17: =IF($C17="","",T16*(1+J17)) | U17: =IF($C17="","",U16*(1+K17))
A18: 13 | B18: 2 | E18: =IF($C18="","",INDEX(Kartu!$C$6:$C$105,MATCH($C18,Kartu!$A$6:$A$105,0))) | F18: =IF($C18="","",INDEX(Kartu!$B$6:$B$105,MATCH($C18,Kartu!$A$6:$A$105,0))) | G18: =IF($C18="","",Dasar1+INDEX(Kartu!$F$6:$F$105,MATCH($C18,Kartu!$A$6:$A$105,0))) | H18: =IF($C18="","",Dasar2+INDEX(Kartu!$G$6:$G$105,MATCH($C18,Kartu!$A$6:$A$105,0))) | I18: =IF($C18="","",Dasar3+INDEX(Kartu!$H$6:$H$105,MATCH($C18,Kartu!$A$6:$A$105,0))) | J18: =IF($C18="","",Dasar4+INDEX(Kartu!$I$6:$I$105,MATCH($C18,Kartu!$A$6:$A$105,0))) | K18: =IF($C18="","",Dasar5+INDEX(Kartu!$J$6:$J$105,MATCH($C18,Kartu!$A$6:$A$105,0))) | L18: =IF($C18="","",L17*(1+G18)) | M18: =IF($C18="","",M17*(1+H18)) | N18: =IF($C18="","",N17*(1+I18)) | O18: =IF($C18="","",O17*(1+J18)) | P18: =IF($C18="","",P17*(1+K18)) | Q18: =IF($C18="","",Q17*(1+G18)) | R18: =IF($C18="","",R17*(1+H18)) | S18: =IF($C18="","",S17*(1+I18)) | T18: =IF($C18="","",T17*(1+J18)) | U18: =IF($C18="","",U17*(1+K18))
A19: 14 | B19: 2 | E19: =IF($C19="","",INDEX(Kartu!$C$6:$C$105,MATCH($C19,Kartu!$A$6:$A$105,0))) | F19: =IF($C19="","",INDEX(Kartu!$B$6:$B$105,MATCH($C19,Kartu!$A$6:$A$105,0))) | G19: =IF($C19="","",Dasar1+INDEX(Kartu!$F$6:$F$105,MATCH($C19,Kartu!$A$6:$A$105,0))) | H19: =IF($C19="","",Dasar2+INDEX(Kartu!$G$6:$G$105,MATCH($C19,Kartu!$A$6:$A$105,0))) | I19: =IF($C19="","",Dasar3+INDEX(Kartu!$H$6:$H$105,MATCH($C19,Kartu!$A$6:$A$105,0))) | J19: =IF($C19="","",Dasar4+INDEX(Kartu!$I$6:$I$105,MATCH($C19,Kartu!$A$6:$A$105,0))) | K19: =IF($C19="","",Dasar5+INDEX(Kartu!$J$6:$J$105,MATCH($C19,Kartu!$A$6:$A$105,0))) | L19: =IF($C19="","",L18*(1+G19)) | M19: =IF($C19="","",M18*(1+H19)) | N19: =IF($C19="","",N18*(1+I19)) | O19: =IF($C19="","",O18*(1+J19)) | P19: =IF($C19="","",P18*(1+K19)) | Q19: =IF($C19="","",Q18*(1+G19)) | R19: =IF($C19="","",R18*(1+H19)) | S19: =IF($C19="","",S18*(1+I19)) | T19: =IF($C19="","",T18*(1+J19)) | U19: =IF($C19="","",U18*(1+K19))
A20: 15 | B20: 2 | E20: =IF($C20="","",INDEX(Kartu!$C$6:$C$105,MATCH($C20,Kartu!$A$6:$A$105,0))) | F20: =IF($C20="","",INDEX(Kartu!$B$6:$B$105,MATCH($C20,Kartu!$A$6:$A$105,0))) | G20: =IF($C20="","",Dasar1+INDEX(Kartu!$F$6:$F$105,MATCH($C20,Kartu!$A$6:$A$105,0))) | H20: =IF($C20="","",Dasar2+INDEX(Kartu!$G$6:$G$105,MATCH($C20,Kartu!$A$6:$A$105,0))) | I20: =IF($C20="","",Dasar3+INDEX(Kartu!$H$6:$H$105,MATCH($C20,Kartu!$A$6:$A$105,0))) | J20: =IF($C20="","",Dasar4+INDEX(Kartu!$I$6:$I$105,MATCH($C20,Kartu!$A$6:$A$105,0))) | K20: =IF($C20="","",Dasar5+INDEX(Kartu!$J$6:$J$105,MATCH($C20,Kartu!$A$6:$A$105,0))) | L20: =IF($C20="","",L19*(1+G20)) | M20: =IF($C20="","",M19*(1+H20)) | N20: =IF($C20="","",N19*(1+I20)) | O20: =IF($C20="","",O19*(1+J20)) | P20: =IF($C20="","",P19*(1+K20)) | Q20: =IF($C20="","",Q19*(1+G20)) | R20: =IF($C20="","",R19*(1+H20)) | S20: =IF($C20="","",S19*(1+I20)) | T20: =IF($C20="","",T19*(1+J20)) | U20: =IF($C20="","",U19*(1+K20))
A21: 16 | B21: 2 | E21: =IF($C21="","",INDEX(Kartu!$C$6:$C$105,MATCH($C21,Kartu!$A$6:$A$105,0))) | F21: =IF($C21="","",INDEX(Kartu!$B$6:$B$105,MATCH($C21,Kartu!$A$6:$A$105,0))) | G21: =IF($C21="","",Dasar1+INDEX(Kartu!$F$6:$F$105,MATCH($C21,Kartu!$A$6:$A$105,0))) | H21: =IF($C21="","",Dasar2+INDEX(Kartu!$G$6:$G$105,MATCH($C21,Kartu!$A$6:$A$105,0))) | I21: =IF($C21="","",Dasar3+INDEX(Kartu!$H$6:$H$105,MATCH($C21,Kartu!$A$6:$A$105,0))) | J21: =IF($C21="","",Dasar4+INDEX(Kartu!$I$6:$I$105,MATCH($C21,Kartu!$A$6:$A$105,0))) | K21: =IF($C21="","",Dasar5+INDEX(Kartu!$J$6:$J$105,MATCH($C21,Kartu!$A$6:$A$105,0))) | L21: =IF($C21="","",L20*(1+G21)) | M21: =IF($C21="","",M20*(1+H21)) | N21: =IF($C21="","",N20*(1+I21)) | O21: =IF($C21="","",O20*(1+J21)) | P21: =IF($C21="","",P20*(1+K21)) | Q21: =IF($C21="","",Q20*(1+G21)) | R21: =IF($C21="","",R20*(1+H21)) | S21: =IF($C21="","",S20*(1+I21)) | T21: =IF($C21="","",T20*(1+J21)) | U21: =IF($C21="","",U20*(1+K21))
A22: 17 | B22: 2 | E22: =IF($C22="","",INDEX(Kartu!$C$6:$C$105,MATCH($C22,Kartu!$A$6:$A$105,0))) | F22: =IF($C22="","",INDEX(Kartu!$B$6:$B$105,MATCH($C22,Kartu!$A$6:$A$105,0))) | G22: =IF($C22="","",Dasar1+INDEX(Kartu!$F$6:$F$105,MATCH($C22,Kartu!$A$6:$A$105,0))) | H22: =IF($C22="","",Dasar2+INDEX(Kartu!$G$6:$G$105,MATCH($C22,Kartu!$A$6:$A$105,0))) | I22: =IF($C22="","",Dasar3+INDEX(Kartu!$H$6:$H$105,MATCH($C22,Kartu!$A$6:$A$105,0))) | J22: =IF($C22="","",Dasar4+INDEX(Kartu!$I$6:$I$105,MATCH($C22,Kartu!$A$6:$A$105,0))) | K22: =IF($C22="","",Dasar5+INDEX(Kartu!$J$6:$J$105,MATCH($C22,Kartu!$A$6:$A$105,0))) | L22: =IF($C22="","",L21*(1+G22)) | M22: =IF($C22="","",M21*(1+H22)) | N22: =IF($C22="","",N21*(1+I22)) | O22: =IF($C22="","",O21*(1+J22)) | P22: =IF($C22="","",P21*(1+K22)) | Q22: =IF($C22="","",Q21*(1+G22)) | R22: =IF($C22="","",R21*(1+H22)) | S22: =IF($C22="","",S21*(1+I22)) | T22: =IF($C22="","",T21*(1+J22)) | U22: =IF($C22="","",U21*(1+K22))
A23: 18 | B23: 2 | E23: =IF($C23="","",INDEX(Kartu!$C$6:$C$105,MATCH($C23,Kartu!$A$6:$A$105,0))) | F23: =IF($C23="","",INDEX(Kartu!$B$6:$B$105,MATCH($C23,Kartu!$A$6:$A$105,0))) | G23: =IF($C23="","",Dasar1+INDEX(Kartu!$F$6:$F$105,MATCH($C23,Kartu!$A$6:$A$105,0))) | H23: =IF($C23="","",Dasar2+INDEX(Kartu!$G$6:$G$105,MATCH($C23,Kartu!$A$6:$A$105,0))) | I23: =IF($C23="","",Dasar3+INDEX(Kartu!$H$6:$H$105,MATCH($C23,Kartu!$A$6:$A$105,0))) | J23: =IF($C23="","",Dasar4+INDEX(Kartu!$I$6:$I$105,MATCH($C23,Kartu!$A$6:$A$105,0))) | K23: =IF($C23="","",Dasar5+INDEX(Kartu!$J$6:$J$105,MATCH($C23,Kartu!$A$6:$A$105,0))) | L23: =IF($C23="","",L22*(1+G23)) | M23: =IF($C23="","",M22*(1+H23)) | N23: =IF($C23="","",N22*(1+I23)) | O23: =IF($C23="","",O22*(1+J23)) | P23: =IF($C23="","",P22*(1+K23)) | Q23: =IF($C23="","",Q22*(1+G23)) | R23: =IF($C23="","",R22*(1+H23)) | S23: =IF($C23="","",S22*(1+I23)) | T23: =IF($C23="","",T22*(1+J23)) | U23: =IF($C23="","",U22*(1+K23))
A24: 19 | B24: 2 | E24: =IF($C24="","",INDEX(Kartu!$C$6:$C$105,MATCH($C24,Kartu!$A$6:$A$105,0))) | F24: =IF($C24="","",INDEX(Kartu!$B$6:$B$105,MATCH($C24,Kartu!$A$6:$A$105,0))) | G24: =IF($C24="","",Dasar1+INDEX(Kartu!$F$6:$F$105,MATCH($C24,Kartu!$A$6:$A$105,0))) | H24: =IF($C24="","",Dasar2+INDEX(Kartu!$G$6:$G$105,MATCH($C24,Kartu!$A$6:$A$105,0))) | I24: =IF($C24="","",Dasar3+INDEX(Kartu!$H$6:$H$105,MATCH($C24,Kartu!$A$6:$A$105,0))) | J24: =IF($C24="","",Dasar4+INDEX(Kartu!$I$6:$I$105,MATCH($C24,Kartu!$A$6:$A$105,0))) | K24: =IF($C24="","",Dasar5+INDEX(Kartu!$J$6:$J$105,MATCH($C24,Kartu!$A$6:$A$105,0))) | L24: =IF($C24="","",L23*(1+G24)) | M24: =IF($C24="","",M23*(1+H24)) | N24: =IF($C24="","",N23*(1+I24)) | O24: =IF($C24="","",O23*(1+J24)) | P24: =IF($C24="","",P23*(1+K24)) | Q24: =IF($C24="","",Q23*(1+G24)) | R24: =IF($C24="","",R23*(1+H24)) | S24: =IF($C24="","",S23*(1+I24)) | T24: =IF($C24="","",T23*(1+J24)) | U24: =IF($C24="","",U23*(1+K24))
A25: 20 | B25: 2 | E25: =IF($C25="","",INDEX(Kartu!$C$6:$C$105,MATCH($C25,Kartu!$A$6:$A$105,0))) | F25: =IF($C25="","",INDEX(Kartu!$B$6:$B$105,MATCH($C25,Kartu!$A$6:$A$105,0))) | G25: =IF($C25="","",Dasar1+INDEX(Kartu!$F$6:$F$105,MATCH($C25,Kartu!$A$6:$A$105,0))) | H25: =IF($C25="","",Dasar2+INDEX(Kartu!$G$6:$G$105,MATCH($C25,Kartu!$A$6:$A$105,0))) | I25: =IF($C25="","",Dasar3+INDEX(Kartu!$H$6:$H$105,MATCH($C25,Kartu!$A$6:$A$105,0))) | J25: =IF($C25="","",Dasar4+INDEX(Kartu!$I$6:$I$105,MATCH($C25,Kartu!$A$6:$A$105,0))) | K25: =IF($C25="","",Dasar5+INDEX(Kartu!$J$6:$J$105,MATCH($C25,Kartu!$A$6:$A$105,0))) | L25: =IF($C25="","",L24*(1+G25)) | M25: =IF($C25="","",M24*(1+H25)) | N25: =IF($C25="","",N24*(1+I25)) | O25: =IF($C25="","",O24*(1+J25)) | P25: =IF($C25="","",P24*(1+K25)) | Q25: =IF($C25="","",Q24*(1+G25)) | R25: =IF($C25="","",R24*(1+H25)) | S25: =IF($C25="","",S24*(1+I25)) | T25: =IF($C25="","",T24*(1+J25)) | U25: =IF($C25="","",U24*(1+K25))
A26: 21 | B26: 3 | E26: =IF($C26="","",INDEX(Kartu!$C$6:$C$105,MATCH($C26,Kartu!$A$6:$A$105,0))) | F26: =IF($C26="","",INDEX(Kartu!$B$6:$B$105,MATCH($C26,Kartu!$A$6:$A$105,0))) | G26: =IF($C26="","",Dasar1+INDEX(Kartu!$F$6:$F$105,MATCH($C26,Kartu!$A$6:$A$105,0))) | H26: =IF($C26="","",Dasar2+INDEX(Kartu!$G$6:$G$105,MATCH($C26,Kartu!$A$6:$A$105,0))) | I26: =IF($C26="","",Dasar3+INDEX(Kartu!$H$6:$H$105,MATCH($C26,Kartu!$A$6:$A$105,0))) | J26: =IF($C26="","",Dasar4+INDEX(Kartu!$I$6:$I$105,MATCH($C26,Kartu!$A$6:$A$105,0))) | K26: =IF($C26="","",Dasar5+INDEX(Kartu!$J$6:$J$105,MATCH($C26,Kartu!$A$6:$A$105,0))) | L26: =IF($C26="","",1+G26) | M26: =IF($C26="","",1+H26) | N26: =IF($C26="","",1+I26) | O26: =IF($C26="","",1+J26) | P26: =IF($C26="","",1+K26) | Q26: =IF($C26="","",Q25*(1+G26)) | R26: =IF($C26="","",R25*(1+H26)) | S26: =IF($C26="","",S25*(1+I26)) | T26: =IF($C26="","",T25*(1+J26)) | U26: =IF($C26="","",U25*(1+K26))
A27: 22 | B27: 3 | E27: =IF($C27="","",INDEX(Kartu!$C$6:$C$105,MATCH($C27,Kartu!$A$6:$A$105,0))) | F27: =IF($C27="","",INDEX(Kartu!$B$6:$B$105,MATCH($C27,Kartu!$A$6:$A$105,0))) | G27: =IF($C27="","",Dasar1+INDEX(Kartu!$F$6:$F$105,MATCH($C27,Kartu!$A$6:$A$105,0))) | H27: =IF($C27="","",Dasar2+INDEX(Kartu!$G$6:$G$105,MATCH($C27,Kartu!$A$6:$A$105,0))) | I27: =IF($C27="","",Dasar3+INDEX(Kartu!$H$6:$H$105,MATCH($C27,Kartu!$A$6:$A$105,0))) | J27: =IF($C27="","",Dasar4+INDEX(Kartu!$I$6:$I$105,MATCH($C27,Kartu!$A$6:$A$105,0))) | K27: =IF($C27="","",Dasar5+INDEX(Kartu!$J$6:$J$105,MATCH($C27,Kartu!$A$6:$A$105,0))) | L27: =IF($C27="","",L26*(1+G27)) | M27: =IF($C27="","",M26*(1+H27)) | N27: =IF($C27="","",N26*(1+I27)) | O27: =IF($C27="","",O26*(1+J27)) | P27: =IF($C27="","",P26*(1+K27)) | Q27: =IF($C27="","",Q26*(1+G27)) | R27: =IF($C27="","",R26*(1+H27)) | S27: =IF($C27="","",S26*(1+I27)) | T27: =IF($C27="","",T26*(1+J27)) | U27: =IF($C27="","",U26*(1+K27))
A28: 23 | B28: 3 | E28: =IF($C28="","",INDEX(Kartu!$C$6:$C$105,MATCH($C28,Kartu!$A$6:$A$105,0))) | F28: =IF($C28="","",INDEX(Kartu!$B$6:$B$105,MATCH($C28,Kartu!$A$6:$A$105,0))) | G28: =IF($C28="","",Dasar1+INDEX(Kartu!$F$6:$F$105,MATCH($C28,Kartu!$A$6:$A$105,0))) | H28: =IF($C28="","",Dasar2+INDEX(Kartu!$G$6:$G$105,MATCH($C28,Kartu!$A$6:$A$105,0))) | I28: =IF($C28="","",Dasar3+INDEX(Kartu!$H$6:$H$105,MATCH($C28,Kartu!$A$6:$A$105,0))) | J28: =IF($C28="","",Dasar4+INDEX(Kartu!$I$6:$I$105,MATCH($C28,Kartu!$A$6:$A$105,0))) | K28: =IF($C28="","",Dasar5+INDEX(Kartu!$J$6:$J$105,MATCH($C28,Kartu!$A$6:$A$105,0))) | L28: =IF($C28="","",L27*(1+G28)) | M28: =IF($C28="","",M27*(1+H28)) | N28: =IF($C28="","",N27*(1+I28)) | O28: =IF($C28="","",O27*(1+J28)) | P28: =IF($C28="","",P27*(1+K28)) | Q28: =IF($C28="","",Q27*(1+G28)) | R28: =IF($C28="","",R27*(1+H28)) | S28: =IF($C28="","",S27*(1+I28)) | T28: =IF($C28="","",T27*(1+J28)) | U28: =IF($C28="","",U27*(1+K28))
A29: 24 | B29: 3 | E29: =IF($C29="","",INDEX(Kartu!$C$6:$C$105,MATCH($C29,Kartu!$A$6:$A$105,0))) | F29: =IF($C29="","",INDEX(Kartu!$B$6:$B$105,MATCH($C29,Kartu!$A$6:$A$105,0))) | G29: =IF($C29="","",Dasar1+INDEX(Kartu!$F$6:$F$105,MATCH($C29,Kartu!$A$6:$A$105,0))) | H29: =IF($C29="","",Dasar2+INDEX(Kartu!$G$6:$G$105,MATCH($C29,Kartu!$A$6:$A$105,0))) | I29: =IF($C29="","",Dasar3+INDEX(Kartu!$H$6:$H$105,MATCH($C29,Kartu!$A$6:$A$105,0))) | J29: =IF($C29="","",Dasar4+INDEX(Kartu!$I$6:$I$105,MATCH($C29,Kartu!$A$6:$A$105,0))) | K29: =IF($C29="","",Dasar5+INDEX(Kartu!$J$6:$J$105,MATCH($C29,Kartu!$A$6:$A$105,0))) | L29: =IF($C29="","",L28*(1+G29)) | M29: =IF($C29="","",M28*(1+H29)) | N29: =IF($C29="","",N28*(1+I29)) | O29: =IF($C29="","",O28*(1+J29)) | P29: =IF($C29="","",P28*(1+K29)) | Q29: =IF($C29="","",Q28*(1+G29)) | R29: =IF($C29="","",R28*(1+H29)) | S29: =IF($C29="","",S28*(1+I29)) | T29: =IF($C29="","",T28*(1+J29)) | U29: =IF($C29="","",U28*(1+K29))
A30: 25 | B30: 3 | E30: =IF($C30="","",INDEX(Kartu!$C$6:$C$105,MATCH($C30,Kartu!$A$6:$A$105,0))) | F30: =IF($C30="","",INDEX(Kartu!$B$6:$B$105,MATCH($C30,Kartu!$A$6:$A$105,0))) | G30: =IF($C30="","",Dasar1+INDEX(Kartu!$F$6:$F$105,MATCH($C30,Kartu!$A$6:$A$105,0))) | H30: =IF($C30="","",Dasar2+INDEX(Kartu!$G$6:$G$105,MATCH($C30,Kartu!$A$6:$A$105,0))) | I30: =IF($C30="","",Dasar3+INDEX(Kartu!$H$6:$H$105,MATCH($C30,Kartu!$A$6:$A$105,0))) | J30: =IF($C30="","",Dasar4+INDEX(Kartu!$I$6:$I$105,MATCH($C30,Kartu!$A$6:$A$105,0))) | K30: =IF($C30="","",Dasar5+INDEX(Kartu!$J$6:$J$105,MATCH($C30,Kartu!$A$6:$A$105,0))) | L30: =IF($C30="","",L29*(1+G30)) | M30: =IF($C30="","",M29*(1+H30)) | N30: =IF($C30="","",N29*(1+I30)) | O30: =IF($C30="","",O29*(1+J30)) | P30: =IF($C30="","",P29*(1+K30)) | Q30: =IF($C30="","",Q29*(1+G30)) | R30: =IF($C30="","",R29*(1+H30)) | S30: =IF($C30="","",S29*(1+I30)) | T30: =IF($C30="","",T29*(1+J30)) | U30: =IF($C30="","",U29*(1+K30))
A31: 26 | B31: 3 | E31: =IF($C31="","",INDEX(Kartu!$C$6:$C$105,MATCH($C31,Kartu!$A$6:$A$105,0))) | F31: =IF($C31="","",INDEX(Kartu!$B$6:$B$105,MATCH($C31,Kartu!$A$6:$A$105,0))) | G31: =IF($C31="","",Dasar1+INDEX(Kartu!$F$6:$F$105,MATCH($C31,Kartu!$A$6:$A$105,0))) | H31: =IF($C31="","",Dasar2+INDEX(Kartu!$G$6:$G$105,MATCH($C31,Kartu!$A$6:$A$105,0))) | I31: =IF($C31="","",Dasar3+INDEX(Kartu!$H$6:$H$105,MATCH($C31,Kartu!$A$6:$A$105,0))) | J31: =IF($C31="","",Dasar4+INDEX(Kartu!$I$6:$I$105,MATCH($C31,Kartu!$A$6:$A$105,0))) | K31: =IF($C31="","",Dasar5+INDEX(Kartu!$J$6:$J$105,MATCH($C31,Kartu!$A$6:$A$105,0))) | L31: =IF($C31="","",L30*(1+G31)) | M31: =IF($C31="","",M30*(1+H31)) | N31: =IF($C31="","",N30*(1+I31)) | O31: =IF($C31="","",O30*(1+J31)) | P31: =IF($C31="","",P30*(1+K31)) | Q31: =IF($C31="","",Q30*(1+G31)) | R31: =IF($C31="","",R30*(1+H31)) | S31: =IF($C31="","",S30*(1+I31)) | T31: =IF($C31="","",T30*(1+J31)) | U31: =IF($C31="","",U30*(1+K31))
A32: 27 | B32: 3 | E32: =IF($C32="","",INDEX(Kartu!$C$6:$C$105,MATCH($C32,Kartu!$A$6:$A$105,0))) | F32: =IF($C32="","",INDEX(Kartu!$B$6:$B$105,MATCH($C32,Kartu!$A$6:$A$105,0))) | G32: =IF($C32="","",Dasar1+INDEX(Kartu!$F$6:$F$105,MATCH($C32,Kartu!$A$6:$A$105,0))) | H32: =IF($C32="","",Dasar2+INDEX(Kartu!$G$6:$G$105,MATCH($C32,Kartu!$A$6:$A$105,0))) | I32: =IF($C32="","",Dasar3+INDEX(Kartu!$H$6:$H$105,MATCH($C32,Kartu!$A$6:$A$105,0))) | J32: =IF($C32="","",Dasar4+INDEX(Kartu!$I$6:$I$105,MATCH($C32,Kartu!$A$6:$A$105,0))) | K32: =IF($C32="","",Dasar5+INDEX(Kartu!$J$6:$J$105,MATCH($C32,Kartu!$A$6:$A$105,0))) | L32: =IF($C32="","",L31*(1+G32)) | M32: =IF($C32="","",M31*(1+H32)) | N32: =IF($C32="","",N31*(1+I32)) | O32: =IF($C32="","",O31*(1+J32)) | P32: =IF($C32="","",P31*(1+K32)) | Q32: =IF($C32="","",Q31*(1+G32)) | R32: =IF($C32="","",R31*(1+H32)) | S32: =IF($C32="","",S31*(1+I32)) | T32: =IF($C32="","",T31*(1+J32)) | U32: =IF($C32="","",U31*(1+K32))
A33: 28 | B33: 3 | E33: =IF($C33="","",INDEX(Kartu!$C$6:$C$105,MATCH($C33,Kartu!$A$6:$A$105,0))) | F33: =IF($C33="","",INDEX(Kartu!$B$6:$B$105,MATCH($C33,Kartu!$A$6:$A$105,0))) | G33: =IF($C33="","",Dasar1+INDEX(Kartu!$F$6:$F$105,MATCH($C33,Kartu!$A$6:$A$105,0))) | H33: =IF($C33="","",Dasar2+INDEX(Kartu!$G$6:$G$105,MATCH($C33,Kartu!$A$6:$A$105,0))) | I33: =IF($C33="","",Dasar3+INDEX(Kartu!$H$6:$H$105,MATCH($C33,Kartu!$A$6:$A$105,0))) | J33: =IF($C33="","",Dasar4+INDEX(Kartu!$I$6:$I$105,MATCH($C33,Kartu!$A$6:$A$105,0))) | K33: =IF($C33="","",Dasar5+INDEX(Kartu!$J$6:$J$105,MATCH($C33,Kartu!$A$6:$A$105,0))) | L33: =IF($C33="","",L32*(1+G33)) | M33: =IF($C33="","",M32*(1+H33)) | N33: =IF($C33="","",N32*(1+I33)) | O33: =IF($C33="","",O32*(1+J33)) | P33: =IF($C33="","",P32*(1+K33)) | Q33: =IF($C33="","",Q32*(1+G33)) | R33: =IF($C33="","",R32*(1+H33)) | S33: =IF($C33="","",S32*(1+I33)) | T33: =IF($C33="","",T32*(1+J33)) | U33: =IF($C33="","",U32*(1+K33))
A34: 29 | B34: 3 | E34: =IF($C34="","",INDEX(Kartu!$C$6:$C$105,MATCH($C34,Kartu!$A$6:$A$105,0))) | F34: =IF($C34="","",INDEX(Kartu!$B$6:$B$105,MATCH($C34,Kartu!$A$6:$A$105,0))) | G34: =IF($C34="","",Dasar1+INDEX(Kartu!$F$6:$F$105,MATCH($C34,Kartu!$A$6:$A$105,0))) | H34: =IF($C34="","",Dasar2+INDEX(Kartu!$G$6:$G$105,MATCH($C34,Kartu!$A$6:$A$105,0))) | I34: =IF($C34="","",Dasar3+INDEX(Kartu!$H$6:$H$105,MATCH($C34,Kartu!$A$6:$A$105,0))) | J34: =IF($C34="","",Dasar4+INDEX(Kartu!$I$6:$I$105,MATCH($C34,Kartu!$A$6:$A$105,0))) | K34: =IF($C34="","",Dasar5+INDEX(Kartu!$J$6:$J$105,MATCH($C34,Kartu!$A$6:$A$105,0))) | L34: =IF($C34="","",L33*(1+G34)) | M34: =IF($C34="","",M33*(1+H34)) | N34: =IF($C34="","",N33*(1+I34)) | O34: =IF($C34="","",O33*(1+J34)) | P34: =IF($C34="","",P33*(1+K34)) | Q34: =IF($C34="","",Q33*(1+G34)) | R34: =IF($C34="","",R33*(1+H34)) | S34: =IF($C34="","",S33*(1+I34)) | T34: =IF($C34="","",T33*(1+J34)) | U34: =IF($C34="","",U33*(1+K34))
A35: 30 | B35: 3 | E35: =IF($C35="","",INDEX(Kartu!$C$6:$C$105,MATCH($C35,Kartu!$A$6:$A$105,0))) | F35: =IF($C35="","",INDEX(Kartu!$B$6:$B$105,MATCH($C35,Kartu!$A$6:$A$105,0))) | G35: =IF($C35="","",Dasar1+INDEX(Kartu!$F$6:$F$105,MATCH($C35,Kartu!$A$6:$A$105,0))) | H35: =IF($C35="","",Dasar2+INDEX(Kartu!$G$6:$G$105,MATCH($C35,Kartu!$A$6:$A$105,0))) | I35: =IF($C35="","",Dasar3+INDEX(Kartu!$H$6:$H$105,MATCH($C35,Kartu!$A$6:$A$105,0))) | J35: =IF($C35="","",Dasar4+INDEX(Kartu!$I$6:$I$105,MATCH($C35,Kartu!$A$6:$A$105,0))) | K35: =IF($C35="","",Dasar5+INDEX(Kartu!$J$6:$J$105,MATCH($C35,Kartu!$A$6:$A$105,0))) | L35: =IF($C35="","",L34*(1+G35)) | M35: =IF($C35="","",M34*(1+H35)) | N35: =IF($C35="","",N34*(1+I35)) | O35: =IF($C35="","",O34*(1+J35)) | P35: =IF($C35="","",P34*(1+K35)) | Q35: =IF($C35="","",Q34*(1+G35)) | R35: =IF($C35="","",R34*(1+H35)) | S35: =IF($C35="","",S34*(1+I35)) | T35: =IF($C35="","",T34*(1+J35)) | U35: =IF($C35="","",U34*(1+K35))

Sheet Input
A1: Waktu | B1: Kode | C1: Nama | D1: Tahap | E1: Sukuk | F1: Saham | G1: RDPU | H1: Emas | I1: Campuran | J1: Email | K1: Column1 | L1: Tabel 'tblInput' diisi otomatis oleh Power Automate dari Microsoft Forms.
B2: p01 | C2: Dzul | D2: 1 | E2: 50 | F2: 20 | G2: 30 | H2: 0 | I2: 0 | L2: Porsi diisi dalam persen utuh (contoh: 20 = 20%). Tahap = 1, 2, atau 3. Submission terakhir per kode & tahap yang dipakai.
B3: p02 | C3: pandu | D3: 1 | E3: 20 | F3: 30 | G3: 50 | H3: 0 | I3: 0 | L3: Contoh baris valid: 2026-10-01 08:30 | P01 | Tim Ijarah | 1 | 20 | 30 | 10 | 20 | 20
B4: p01 | D4: 2

Sheet Peserta
B2: Daftar Kode Peserta
B3: Bagikan satu kode per peserta/tim saat registrasi. Nama diambil otomatis dari form; kolom Nama di sini hanya cadangan.
A5: Kode | B5: Nama cadangan (opsional) | C5: Keterangan
A6: P01
A7: P02
A8: P03
A9: P04
A10: P05
A11: P06
A12: P07
A13: P08
A14: P09
A15: P10
A16: P11
A17: P12
... A65: P60

Sheet Perhitungan
B2: Perhitungan Nilai Aset Peserta
B3: Semua otomatis. Status merah = input peserta perlu diperbaiki (submit ulang form).
A5: Kode | B5: Nama | C5: Baris nama | D5: T1 baris | E5: T1 Sukuk/SBN | F5: T1 Saham | G5: T1 RD Pasar Uang | H5: T1 Emas | I5: T1 RD Campuran | J5: T1 total | K5: Status T1 | L5: T2 baris | M5: T2 Sukuk/SBN | N5: T2 Saham | O5: T2 RD Pasar Uang | P5: T2 Emas | Q5: T2 RD Campuran | R5: T2 total | S5: Status T2 | T5: T3 baris | U5: T3 Sukuk/SBN | V5: T3 Saham | W5: T3 RD Pasar Uang | X5: T3 Emas | Y5: T3 RD Campuran | Z5: T3 total | AA5: Status T3 | AB5: Efektif T1 Sukuk/SBN | AC5: Efektif T1 Saham | AD5: Efektif T1 RD Pasar Uang | AE5: Efektif T1 Emas | AF5: Efektif T1 RD Campuran | AG5: Efektif T2 Sukuk/SBN | AH5: Efektif T2 Saham | AI5: Efektif T2 RD Pasar Uang | AJ5: Efektif T2 Emas | AK5: Efektif T2 RD Campuran | AL5: Efektif T3 Sukuk/SBN | AM5: Efektif T3 Saham | AN5: Efektif T3 RD Pasar Uang | AO5: Efektif T3 Emas | AP5: Efektif T3 RD Campuran | AQ5: Aktif | AR5: Awal | AS5: K1 | AT5: K2 | AU5: K3 | AV5: K4 | AW5: K5 | AX5: K6 | AY5: K7 | AZ5: K8 | BA5: K9 | BB5: K10 | BC5: K11 | BD5: K12 | BE5: K13 | BF5: K14 | BG5: K15 | BH5: K16 | BI5: K17 | BJ5: K18 | BK5: K19 | BL5: K20 | BM5: K21 | BN5: K22 | BO5: K23 | BP5: K24 | BQ5: K25 | BR5: K26 | BS5: K27 | BT5: K28 | BU5: K29 | BV5: K30 | BW5: Nilai kini | BX5: Nilai lalu | BY5: Return | BZ5: Max drawdown | CA5: Skor kini | CB5: Peringkat | CC5: Skor lalu | CD5: Peringkat lalu | CE5: Naik/turun | CF5: Skor tangguh
A6: =Peserta!A6 -> P01 | B6: =IF($C6>0,INDEX(Input!$C:$C,$C6)&"",IF(Peserta!B6="",$A6,Peserta!B6)) | C6: =SUMPRODUCT(MAX((_Bantu!$A$2:$A$2001=$A6)*ROW(_Bantu!$A$2:$A$2001))) -> 4 | D6: =SUMPRODUCT(MAX((_Bantu!$C$2:$C$2001=$A6&"|1")*ROW(_Bantu!$C$2:$C$2001))) -> 2 | E6: =IF($D6=0,"",INDEX(_Bantu!D:D,$D6)) -> 0.5 | F6: =IF($D6=0,"",INDEX(_Bantu!E:E,$D6)) -> 0.2 | G6: =IF($D6=0,"",INDEX(_Bantu!F:F,$D6)) -> 0.3 | H6: =IF($D6=0,"",INDEX(_Bantu!G:G,$D6)) -> 0 | I6: =IF($D6=0,"",INDEX(_Bantu!H:H,$D6)) -> 0 | J6: =IF($D6=0,"",SUM(E6:I6)) -> 1 | K6: =IF($D6=0,"Belum isi",IF(ABS(J6-1)>0.0001,"Total "&ROUND(J6*100,0)&"% (harus 100%)",IF(MAX(E6:I6)>BatasAset+0.0001,"Melebihi batas per aset",IF(MIN(E6:I6)<0,"Ada nilai negatif","OK")))) -> OK | L6: =SUMPRODUCT(MAX((_Bantu!$C$2:$C$2001=$A6&"|2")*ROW(_Bantu!$C$2:$C$2001))) -> 4 | M6: =IF($L6=0,"",INDEX(_Bantu!D:D,$L6)) -> 0 | N6: =IF($L6=0,"",INDEX(_Bantu!E:E,$L6)) -> 0 | O6: =IF($L6=0,"",INDEX(_Bantu!F:F,$L6)) -> 0 | P6: =IF($L6=0,"",INDEX(_Bantu!G:G,$L6)) -> 0 | Q6: =IF($L6=0,"",INDEX(_Bantu!H:H,$L6)) -> 0 | R6: =IF($L6=0,"",SUM(M6:Q6)) -> 0 | S6: =IF($L6=0,"Belum isi",IF(ABS(R6-1)>0.0001,"Total "&ROUND(R6*100,0)&"% (harus 100%)",IF(MAX(M6:Q6)>BatasAset+0.0001,"Melebihi batas per aset",IF(MIN(M6:Q6)<0,"Ada nilai negatif","OK")))) -> Total 0% (harus 100%) | T6: =SUMPRODUCT(MAX((_Bantu!$C$2:$C$2001=$A6&"|3")*ROW(_Bantu!$C$2:$C$2001))) -> 0 | U6: =IF($T6=0,"",INDEX(_Bantu!D:D,$T6)) | V6: =IF($T6=0,"",INDEX(_Bantu!E:E,$T6)) | W6: =IF($T6=0,"",INDEX(_Bantu!F:F,$T6)) | X6: =IF($T6=0,"",INDEX(_Bantu!G:G,$T6)) | Y6: =IF($T6=0,"",INDEX(_Bantu!H:H,$T6)) | Z6: =IF($T6=0,"",SUM(U6:Y6)) | AA6: =IF($T6=0,"Belum isi",IF(ABS(Z6-1)>0.0001,"Total "&ROUND(Z6*100,0)&"% (harus 100%)",IF(MAX(U6:Y6)>BatasAset+0.0001,"Melebihi batas per aset",IF(MIN(U6:Y6)<0,"Ada nilai negatif","OK")))) -> Belum isi | AB6: =IF($K6="OK",E6,0) -> 0.5 | AC6: =IF($K6="OK",F6,0) -> 0.2 | AD6: =IF($K6="OK",G6,0) -> 0.3 | AE6: =IF($K6="OK",H6,0) -> 0 | AF6: =IF($K6="OK",I6,0) -> 0 | AG6: =IF($S6="OK",M6,AB6) -> 0.5 | AH6: =IF($S6="OK",N6,AC6) -> 0.2 | AI6: =IF($S6="OK",O6,AD6) -> 0.3 | AJ6: =IF($S6="OK",P6,AE6) -> 0 | AK6: =IF($S6="OK",Q6,AF6) -> 0 | AL6: =IF($AA6="OK",U6,AG6) -> 0.5 | AM6: =IF($AA6="OK",V6,AH6) -> 0.2 | AN6: =IF($AA6="OK",W6,AI6) -> 0.3 | AO6: =IF($AA6="OK",X6,AJ6) -> 0 | AP6: =IF($AA6="OK",Y6,AK6) -> 0 | AQ6: =$K6="OK" -> TRUE | AR6: =IF($AQ6,Modal,"") -> 100000000 | AS6: =IF(OR(NOT($AQ6),Log_Putaran!$C$6=""),"",$AR6*SUMPRODUCT($AB6:$AF6,Log_Putaran!$L$6:$P$6)) -> 1.00605e+08 | AT6: =IF(OR(NOT($AQ6),Log_Putaran!$C$7=""),"",$AR6*SUMPRODUCT($AB6:$AF6,Log_Putaran!$L$7:$P$7)) -> 1.0105294e+08 | AU6: =IF(OR(NOT($AQ6),Log_Putaran!$C$8=""),"",$AR6*SUMPRODUCT($AB6:$AF6,Log_Putaran!$L$8:$P$8)) | AV6: =IF(OR(NOT($AQ6),Log_Putaran!$C$9=""),"",$AR6*SUMPRODUCT($AB6:$AF6,Log_Putaran!$L$9:$P$9)) | AW6: =IF(OR(NOT($AQ6),Log_Putaran!$C$10=""),"",$AR6*SUMPRODUCT($AB6:$AF6,Log_Putaran!$L$10:$P$10)) | AX6: =IF(OR(NOT($AQ6),Log_Putaran!$C$11=""),"",$AR6*SUMPRODUCT($AB6:$AF6,Log_Putaran!$L$11:$P$11)) | AY6: =IF(OR(NOT($AQ6),Log_Putaran!$C$12=""),"",$AR6*SUMPRODUCT($AB6:$AF6,Log_Putaran!$L$12:$P$12)) | AZ6: =IF(OR(NOT($AQ6),Log_Putaran!$C$13=""),"",$AR6*SUMPRODUCT($AB6:$AF6,Log_Putaran!$L$13:$P$13)) | BA6: =IF(OR(NOT($AQ6),Log_Putaran!$C$14=""),"",$AR6*SUMPRODUCT($AB6:$AF6,Log_Putaran!$L$14:$P$14)) | BB6: =IF(OR(NOT($AQ6),Log_Putaran!$C$15=""),"",$AR6*SUMPRODUCT($AB6:$AF6,Log_Putaran!$L$15:$P$15)) | BC6: =IF(OR(NOT($AQ6),Log_Putaran!$C$16=""),"",$BB6*SUMPRODUCT($AG6:$AK6,Log_Putaran!$L$16:$P$16)) | BD6: =IF(OR(NOT($AQ6),Log_Putaran!$C$17=""),"",$BB6*SUMPRODUCT($AG6:$AK6,Log_Putaran!$L$17:$P$17)) | BE6: =IF(OR(NOT($AQ6),Log_Putaran!$C$18=""),"",$BB6*SUMPRODUCT($AG6:$AK6,Log_Putaran!$L$18:$P$18)) | BF6: =IF(OR(NOT($AQ6),Log_Putaran!$C$19=""),"",$BB6*SUMPRODUCT($AG6:$AK6,Log_Putaran!$L$19:$P$19)) | BG6: =IF(OR(NOT($AQ6),Log_Putaran!$C$20=""),"",$BB6*SUMPRODUCT($AG6:$AK6,Log_Putaran!$L$20:$P$20)) | BH6: =IF(OR(NOT($AQ6),Log_Putaran!$C$21=""),"",$BB6*SUMPRODUCT($AG6:$AK6,Log_Putaran!$L$21:$P$21)) | BI6: =IF(OR(NOT($AQ6),Log_Putaran!$C$22=""),"",$BB6*SUMPRODUCT($AG6:$AK6,Log_Putaran!$L$22:$P$22)) | BJ6: =IF(OR(NOT($AQ6),Log_Putaran!$C$23=""),"",$BB6*SUMPRODUCT($AG6:$AK6,Log_Putaran!$L$23:$P$23)) | BK6: =IF(OR(NOT($AQ6),Log_Putaran!$C$24=""),"",$BB6*SUMPRODUCT($AG6:$AK6,Log_Putaran!$L$24:$P$24)) | BL6: =IF(OR(NOT($AQ6),Log_Putaran!$C$25=""),"",$BB6*SUMPRODUCT($AG6:$AK6,Log_Putaran!$L$25:$P$25)) | BM6: =IF(OR(NOT($AQ6),Log_Putaran!$C$26=""),"",$BL6*SUMPRODUCT($AL6:$AP6,Log_Putaran!$L$26:$P$26)) | BN6: =IF(OR(NOT($AQ6),Log_Putaran!$C$27=""),"",$BL6*SUMPRODUCT($AL6:$AP6,Log_Putaran!$L$27:$P$27)) | BO6: =IF(OR(NOT($AQ6),Log_Putaran!$C$28=""),"",$BL6*SUMPRODUCT($AL6:$AP6,Log_Putaran!$L$28:$P$28)) | BP6: =IF(OR(NOT($AQ6),Log_Putaran!$C$29=""),"",$BL6*SUMPRODUCT($AL6:$AP6,Log_Putaran!$L$29:$P$29)) | BQ6: =IF(OR(NOT($AQ6),Log_Putaran!$C$30=""),"",$BL6*SUMPRODUCT($AL6:$AP6,Log_Putaran!$L$30:$P$30)) | BR6: =IF(OR(NOT($AQ6),Log_Putaran!$C$31=""),"",$BL6*SUMPRODUCT($AL6:$AP6,Log_Putaran!$L$31:$P$31)) | BS6: =IF(OR(NOT($AQ6),Log_Putaran!$C$32=""),"",$BL6*SUMPRODUCT($AL6:$AP6,Log_Putaran!$L$32:$P$32)) | BT6: =IF(OR(NOT($AQ6),Log_Putaran!$C$33=""),"",$BL6*SUMPRODUCT($AL6:$AP6,Log_Putaran!$L$33:$P$33)) | BU6: =IF(OR(NOT($AQ6),Log_Putaran!$C$34=""),"",$BL6*SUMPRODUCT($AL6:$AP6,Log_Putaran!$L$34:$P$34)) | BV6: =IF(OR(NOT($AQ6),Log_Putaran!$C$35=""),"",$BL6*SUMPRODUCT($AL6:$AP6,Log_Putaran!$L$35:$P$35)) | BW6: =IF($AQ6,INDEX($AR6:$BV6,1,PutaranKini+1),"") -> 1.0105294e+08 | BX6: =IF($AQ6,INDEX($AR6:$BV6,1,MAX(PutaranKini,1)),"") -> 1.00605e+08 | BY6: =IF($AQ6,BW6/Modal-1,"") -> 0.010529425 | BZ6: =IF($AQ6,MAX(_DD!$B6:$AE6),"") -> 0 | CA6: =IF($AQ6,BW6-ROW()/10000,-1E+99) -> 1.0105294e+08 | CB6: =IF($AQ6,SUMPRODUCT(--($CA$6:$CA$65>CA6))+1,"") -> 1 | CC6: =IF($AQ6,BX6-ROW()/10000,-1E+99) -> 1.00605e+08 | CD6: =IF($AQ6,SUMPRODUCT(--($CC$6:$CC$65>CC6))+1,"") -> 1 | CE6: =IF($AQ6,CD6-CB6,"") -> 0 | CF6: =IF(AND($AQ6,N(BZ6)<=BatasDD),BW6-ROW()/10000,-1E+99) -> 1.0105294e+08
A7: =Peserta!A7 -> P02 | B7: =IF($C7>0,INDEX(Input!$C:$C,$C7)&"",IF(Peserta!B7="",$A7,Peserta!B7)) -> pandu | C7: =SUMPRODUCT(MAX((_Bantu!$A$2:$A$2001=$A7)*ROW(_Bantu!$A$2:$A$2001))) -> 3 | D7: =SUMPRODUCT(MAX((_Bantu!$C$2:$C$2001=$A7&"|1")*ROW(_Bantu!$C$2:$C$2001))) -> 3 | E7: =IF($D7=0,"",INDEX(_Bantu!D:D,$D7)) -> 0.2 | F7: =IF($D7=0,"",INDEX(_Bantu!E:E,$D7)) -> 0.3 | G7: =IF($D7=0,"",INDEX(_Bantu!F:F,$D7)) -> 0.5 | H7: =IF($D7=0,"",INDEX(_Bantu!G:G,$D7)) -> 0 | I7: =IF($D7=0,"",INDEX(_Bantu!H:H,$D7)) -> 0 | J7: =IF($D7=0,"",SUM(E7:I7)) -> 1 | K7: =IF($D7=0,"Belum isi",IF(ABS(J7-1)>0.0001,"Total "&ROUND(J7*100,0)&"% (harus 100%)",IF(MAX(E7:I7)>BatasAset+0.0001,"Melebihi batas per aset",IF(MIN(E7:I7)<0,"Ada nilai negatif","OK")))) -> OK | L7: =SUMPRODUCT(MAX((_Bantu!$C$2:$C$2001=$A7&"|2")*ROW(_Bantu!$C$2:$C$2001))) -> 0 | M7: =IF($L7=0,"",INDEX(_Bantu!D:D,$L7)) | N7: =IF($L7=0,"",INDEX(_Bantu!E:E,$L7)) | O7: =IF($L7=0,"",INDEX(_Bantu!F:F,$L7)) | P7: =IF($L7=0,"",INDEX(_Bantu!G:G,$L7)) | Q7: =IF($L7=0,"",INDEX(_Bantu!H:H,$L7)) | R7: =IF($L7=0,"",SUM(M7:Q7)) | S7: =IF($L7=0,"Belum isi",IF(ABS(R7-1)>0.0001,"Total "&ROUND(R7*100,0)&"% (harus 100%)",IF(MAX(M7:Q7)>BatasAset+0.0001,"Melebihi batas per aset",IF(MIN(M7:Q7)<0,"Ada nilai negatif","OK")))) -> Belum isi | T7: =SUMPRODUCT(MAX((_Bantu!$C$2:$C$2001=$A7&"|3")*ROW(_Bantu!$C$2:$C$2001))) -> 0 | U7: =IF($T7=0,"",INDEX(_Bantu!D:D,$T7)) | V7: =IF($T7=0,"",INDEX(_Bantu!E:E,$T7)) | W7: =IF($T7=0,"",INDEX(_Bantu!F:F,$T7)) | X7: =IF($T7=0,"",INDEX(_Bantu!G:G,$T7)) | Y7: =IF($T7=0,"",INDEX(_Bantu!H:H,$T7)) | Z7: =IF($T7=0,"",SUM(U7:Y7)) | AA7: =IF($T7=0,"Belum isi",IF(ABS(Z7-1)>0.0001,"Total "&ROUND(Z7*100,0)&"% (harus 100%)",IF(MAX(U7:Y7)>BatasAset+0.0001,"Melebihi batas per aset",IF(MIN(U7:Y7)<0,"Ada nilai negatif","OK")))) -> Belum isi | AB7: =IF($K7="OK",E7,0) -> 0.2 | AC7: =IF($K7="OK",F7,0) -> 0.3 | AD7: =IF($K7="OK",G7,0) -> 0.5 | AE7: =IF($K7="OK",H7,0) -> 0 | AF7: =IF($K7="OK",I7,0) -> 0 | AG7: =IF($S7="OK",M7,AB7) -> 0.2 | AH7: =IF($S7="OK",N7,AC7) -> 0.3 | AI7: =IF($S7="OK",O7,AD7) -> 0.5 | AJ7: =IF($S7="OK",P7,AE7) -> 0 | AK7: =IF($S7="OK",Q7,AF7) -> 0 | AL7: =IF($AA7="OK",U7,AG7) -> 0.2 | AM7: =IF($AA7="OK",V7,AH7) -> 0.3 | AN7: =IF($AA7="OK",W7,AI7) -> 0.5 | AO7: =IF($AA7="OK",X7,AJ7) -> 0 | AP7: =IF($AA7="OK",Y7,AK7) -> 0 | AQ7: =$K7="OK" -> TRUE | AR7: =IF($AQ7,Modal,"") -> 100000000 | AS7: =IF(OR(NOT($AQ7),Log_Putaran!$C$6=""),"",$AR7*SUMPRODUCT($AB7:$AF7,Log_Putaran!$L$6:$P$6)) -> 100000000 | AT7: =IF(OR(NOT($AQ7),Log_Putaran!$C$7=""),"",$AR7*SUMPRODUCT($AB7:$AF7,Log_Putaran!$L$7:$P$7)) -> 99748175 | AU7: =IF(OR(NOT($AQ7),Log_Putaran!$C$8=""),"",$AR7*SUMPRODUCT($AB7:$AF7,Log_Putaran!$L$8:$P$8)) | AV7: =IF(OR(NOT($AQ7),Log_Putaran!$C$9=""),"",$AR7*SUMPRODUCT($AB7:$AF7,Log_Putaran!$L$9:$P$9)) | AW7: =IF(OR(NOT($AQ7),Log_Putaran!$C$10=""),"",$AR7*SUMPRODUCT($AB7:$AF7,Log_Putaran!$L$10:$P$10)) | AX7: =IF(OR(NOT($AQ7),Log_Putaran!$C$11=""),"",$AR7*SUMPRODUCT($AB7:$AF7,Log_Putaran!$L$11:$P$11)) | AY7: =IF(OR(NOT($AQ7),Log_Putaran!$C$12=""),"",$AR7*SUMPRODUCT($AB7:$AF7,Log_Putaran!$L$12:$P$12)) | AZ7: =IF(OR(NOT($AQ7),Log_Putaran!$C$13=""),"",$AR7*SUMPRODUCT($AB7:$AF7,Log_Putaran!$L$13:$P$13)) | BA7: =IF(OR(NOT($AQ7),Log_Putaran!$C$14=""),"",$AR7*SUMPRODUCT($AB7:$AF7,Log_Putaran!$L$14:$P$14)) | BB7: =IF(OR(NOT($AQ7),Log_Putaran!$C$15=""),"",$AR7*SUMPRODUCT($AB7:$AF7,Log_Putaran!$L$15:$P$15)) | BC7: =IF(OR(NOT($AQ7),Log_Putaran!$C$16=""),"",$BB7*SUMPRODUCT($AG7:$AK7,Log_Putaran!$L$16:$P$16)) | BD7: =IF(OR(NOT($AQ7),Log_Putaran!$C$17=""),"",$BB7*SUMPRODUCT($AG7:$AK7,Log_Putaran!$L$17:$P$17)) | BE7: =IF(OR(NOT($AQ7),Log_Putaran!$C$18=""),"",$BB7*SUMPRODUCT($AG7:$AK7,Log_Putaran!$L$18:$P$18)) | BF7: =IF(OR(NOT($AQ7),Log_Putaran!$C$19=""),"",$BB7*SUMPRODUCT($AG7:$AK7,Log_Putaran!$L$19:$P$19)) | BG7: =IF(OR(NOT($AQ7),Log_Putaran!$C$20=""),"",$BB7*SUMPRODUCT($AG7:$AK7,Log_Putaran!$L$20:$P$20)) | BH7: =IF(OR(NOT($AQ7),Log_Putaran!$C$21=""),"",$BB7*SUMPRODUCT($AG7:$AK7,Log_Putaran!$L$21:$P$21)) | BI7: =IF(OR(NOT($AQ7),Log_Putaran!$C$22=""),"",$BB7*SUMPRODUCT($AG7:$AK7,Log_Putaran!$L$22:$P$22)) | BJ7: =IF(OR(NOT($AQ7),Log_Putaran!$C$23=""),"",$BB7*SUMPRODUCT($AG7:$AK7,Log_Putaran!$L$23:$P$23)) | BK7: =IF(OR(NOT($AQ7),Log_Putaran!$C$24=""),"",$BB7*SUMPRODUCT($AG7:$AK7,Log_Putaran!$L$24:$P$24)) | BL7: =IF(OR(NOT($AQ7),Log_Putaran!$C$25=""),"",$BB7*SUMPRODUCT($AG7:$AK7,Log_Putaran!$L$25:$P$25)) | BM7: =IF(OR(NOT($AQ7),Log_Putaran!$C$26=""),"",$BL7*SUMPRODUCT($AL7:$AP7,Log_Putaran!$L$26:$P$26)) | BN7: =IF(OR(NOT($AQ7),Log_Putaran!$C$27=""),"",$BL7*SUMPRODUCT($AL7:$AP7,Log_Putaran!$L$27:$P$27)) | BO7: =IF(OR(NOT($AQ7),Log_Putaran!$C$28=""),"",$BL7*SUMPRODUCT($AL7:$AP7,Log_Putaran!$L$28:$P$28)) | BP7: =IF(OR(NOT($AQ7),Log_Putaran!$C$29=""),"",$BL7*SUMPRODUCT($AL7:$AP7,Log_Putaran!$L$29:$P$29)) | BQ7: =IF(OR(NOT($AQ7),Log_Putaran!$C$30=""),"",$BL7*SUMPRODUCT($AL7:$AP7,Log_Putaran!$L$30:$P$30)) | BR7: =IF(OR(NOT($AQ7),Log_Putaran!$C$31=""),"",$BL7*SUMPRODUCT($AL7:$AP7,Log_Putaran!$L$31:$P$31)) | BS7: =IF(OR(NOT($AQ7),Log_Putaran!$C$32=""),"",$BL7*SUMPRODUCT($AL7:$AP7,Log_Putaran!$L$32:$P$32)) | BT7: =IF(OR(NOT($AQ7),Log_Putaran!$C$33=""),"",$BL7*SUMPRODUCT($AL7:$AP7,Log_Putaran!$L$33:$P$33)) | BU7: =IF(OR(NOT($AQ7),Log_Putaran!$C$34=""),"",$BL7*SUMPRODUCT($AL7:$AP7,Log_Putaran!$L$34:$P$34)) | BV7: =IF(OR(NOT($AQ7),Log_Putaran!$C$35=""),"",$BL7*SUMPRODUCT($AL7:$AP7,Log_Putaran!$L$35:$P$35)) | BW7: =IF($AQ7,INDEX($AR7:$BV7,1,PutaranKini+1),"") -> 99748175 | BX7: =IF($AQ7,INDEX($AR7:$BV7,1,MAX(PutaranKini,1)),"") -> 100000000 | BY7: =IF($AQ7,BW7/Modal-1,"") -> -0.00251825 | BZ7: =IF($AQ7,MAX(_DD!$B7:$AE7),"") -> 0.00251825 | CA7: =IF($AQ7,BW7-ROW()/10000,-1E+99) -> 99748175 | CB7: =IF($AQ7,SUMPRODUCT(--($CA$6:$CA$65>CA7))+1,"") -> 2 | CC7: =IF($AQ7,BX7-ROW()/10000,-1E+99) -> 1e+08 | CD7: =IF($AQ7,SUMPRODUCT(--($CC$6:$CC$65>CC7))+1,"") -> 2 | CE7: =IF($AQ7,CD7-CB7,"") -> 0 | CF7: =IF(AND($AQ7,N(BZ7)<=BatasDD),BW7-ROW()/10000,-1E+99) -> 99748175
A8: =Peserta!A8 -> P03 | B8: =IF($C8>0,INDEX(Input!$C:$C,$C8)&"",IF(Peserta!B8="",$A8,Peserta!B8)) -> P03 | C8: =SUMPRODUCT(MAX((_Bantu!$A$2:$A$2001=$A8)*ROW(_Bantu!$A$2:$A$2001))) -> 0 | D8: =SUMPRODUCT(MAX((_Bantu!$C$2:$C$2001=$A8&"|1")*ROW(_Bantu!$C$2:$C$2001))) -> 0 | E8: =IF($D8=0,"",INDEX(_Bantu!D:D,$D8)) | F8: =IF($D8=0,"",INDEX(_Bantu!E:E,$D8)) | G8: =IF($D8=0,"",INDEX(_Bantu!F:F,$D8)) | H8: =IF($D8=0,"",INDEX(_Bantu!G:G,$D8)) | I8: =IF($D8=0,"",INDEX(_Bantu!H:H,$D8)) | J8: =IF($D8=0,"",SUM(E8:I8)) | K8: =IF($D8=0,"Belum isi",IF(ABS(J8-1)>0.0001,"Total "&ROUND(J8*100,0)&"% (harus 100%)",IF(MAX(E8:I8)>BatasAset+0.0001,"Melebihi batas per aset",IF(MIN(E8:I8)<0,"Ada nilai negatif","OK")))) -> Belum isi | L8: =SUMPRODUCT(MAX((_Bantu!$C$2:$C$2001=$A8&"|2")*ROW(_Bantu!$C$2:$C$2001))) -> 0 | M8: =IF($L8=0,"",INDEX(_Bantu!D:D,$L8)) | N8: =IF($L8=0,"",INDEX(_Bantu!E:E,$L8)) | O8: =IF($L8=0,"",INDEX(_Bantu!F:F,$L8)) | P8: =IF($L8=0,"",INDEX(_Bantu!G:G,$L8)) | Q8: =IF($L8=0,"",INDEX(_Bantu!H:H,$L8)) | R8: =IF($L8=0,"",SUM(M8:Q8)) | S8: =IF($L8=0,"Belum isi",IF(ABS(R8-1)>0.0001,"Total "&ROUND(R8*100,0)&"% (harus 100%)",IF(MAX(M8:Q8)>BatasAset+0.0001,"Melebihi batas per aset",IF(MIN(M8:Q8)<0,"Ada nilai negatif","OK")))) -> Belum isi | T8: =SUMPRODUCT(MAX((_Bantu!$C$2:$C$2001=$A8&"|3")*ROW(_Bantu!$C$2:$C$2001))) -> 0 | U8: =IF($T8=0,"",INDEX(_Bantu!D:D,$T8)) | V8: =IF($T8=0,"",INDEX(_Bantu!E:E,$T8)) | W8: =IF($T8=0,"",INDEX(_Bantu!F:F,$T8)) | X8: =IF($T8=0,"",INDEX(_Bantu!G:G,$T8)) | Y8: =IF($T8=0,"",INDEX(_Bantu!H:H,$T8)) | Z8: =IF($T8=0,"",SUM(U8:Y8)) | AA8: =IF($T8=0,"Belum isi",IF(ABS(Z8-1)>0.0001,"Total "&ROUND(Z8*100,0)&"% (harus 100%)",IF(MAX(U8:Y8)>BatasAset+0.0001,"Melebihi batas per aset",IF(MIN(U8:Y8)<0,"Ada nilai negatif","OK")))) -> Belum isi | AB8: =IF($K8="OK",E8,0) -> 0 | AC8: =IF($K8="OK",F8,0) -> 0 | AD8: =IF($K8="OK",G8,0) -> 0 | AE8: =IF($K8="OK",H8,0) -> 0 | AF8: =IF($K8="OK",I8,0) -> 0 | AG8: =IF($S8="OK",M8,AB8) -> 0 | AH8: =IF($S8="OK",N8,AC8) -> 0 | AI8: =IF($S8="OK",O8,AD8) -> 0 | AJ8: =IF($S8="OK",P8,AE8) -> 0 | AK8: =IF($S8="OK",Q8,AF8) -> 0 | AL8: =IF($AA8="OK",U8,AG8) -> 0 | AM8: =IF($AA8="OK",V8,AH8) -> 0 | AN8: =IF($AA8="OK",W8,AI8) -> 0 | AO8: =IF($AA8="OK",X8,AJ8) -> 0 | AP8: =IF($AA8="OK",Y8,AK8) -> 0 | AQ8: =$K8="OK" -> FALSE | AR8: =IF($AQ8,Modal,"") | AS8: =IF(OR(NOT($AQ8),Log_Putaran!$C$6=""),"",$AR8*SUMPRODUCT($AB8:$AF8,Log_Putaran!$L$6:$P$6)) | AT8: =IF(OR(NOT($AQ8),Log_Putaran!$C$7=""),"",$AR8*SUMPRODUCT($AB8:$AF8,Log_Putaran!$L$7:$P$7)) | AU8: =IF(OR(NOT($AQ8),Log_Putaran!$C$8=""),"",$AR8*SUMPRODUCT($AB8:$AF8,Log_Putaran!$L$8:$P$8)) | AV8: =IF(OR(NOT($AQ8),Log_Putaran!$C$9=""),"",$AR8*SUMPRODUCT($AB8:$AF8,Log_Putaran!$L$9:$P$9)) | AW8: =IF(OR(NOT($AQ8),Log_Putaran!$C$10=""),"",$AR8*SUMPRODUCT($AB8:$AF8,Log_Putaran!$L$10:$P$10)) | AX8: =IF(OR(NOT($AQ8),Log_Putaran!$C$11=""),"",$AR8*SUMPRODUCT($AB8:$AF8,Log_Putaran!$L$11:$P$11)) | AY8: =IF(OR(NOT($AQ8),Log_Putaran!$C$12=""),"",$AR8*SUMPRODUCT($AB8:$AF8,Log_Putaran!$L$12:$P$12)) | AZ8: =IF(OR(NOT($AQ8),Log_Putaran!$C$13=""),"",$AR8*SUMPRODUCT($AB8:$AF8,Log_Putaran!$L$13:$P$13)) | BA8: =IF(OR(NOT($AQ8),Log_Putaran!$C$14=""),"",$AR8*SUMPRODUCT($AB8:$AF8,Log_Putaran!$L$14:$P$14)) | BB8: =IF(OR(NOT($AQ8),Log_Putaran!$C$15=""),"",$AR8*SUMPRODUCT($AB8:$AF8,Log_Putaran!$L$15:$P$15)) | BC8: =IF(OR(NOT($AQ8),Log_Putaran!$C$16=""),"",$BB8*SUMPRODUCT($AG8:$AK8,Log_Putaran!$L$16:$P$16)) | BD8: =IF(OR(NOT($AQ8),Log_Putaran!$C$17=""),"",$BB8*SUMPRODUCT($AG8:$AK8,Log_Putaran!$L$17:$P$17)) | BE8: =IF(OR(NOT($AQ8),Log_Putaran!$C$18=""),"",$BB8*SUMPRODUCT($AG8:$AK8,Log_Putaran!$L$18:$P$18)) | BF8: =IF(OR(NOT($AQ8),Log_Putaran!$C$19=""),"",$BB8*SUMPRODUCT($AG8:$AK8,Log_Putaran!$L$19:$P$19)) | BG8: =IF(OR(NOT($AQ8),Log_Putaran!$C$20=""),"",$BB8*SUMPRODUCT($AG8:$AK8,Log_Putaran!$L$20:$P$20)) | BH8: =IF(OR(NOT($AQ8),Log_Putaran!$C$21=""),"",$BB8*SUMPRODUCT($AG8:$AK8,Log_Putaran!$L$21:$P$21)) | BI8: =IF(OR(NOT($AQ8),Log_Putaran!$C$22=""),"",$BB8*SUMPRODUCT($AG8:$AK8,Log_Putaran!$L$22:$P$22)) | BJ8: =IF(OR(NOT($AQ8),Log_Putaran!$C$23=""),"",$BB8*SUMPRODUCT($AG8:$AK8,Log_Putaran!$L$23:$P$23)) | BK8: =IF(OR(NOT($AQ8),Log_Putaran!$C$24=""),"",$BB8*SUMPRODUCT($AG8:$AK8,Log_Putaran!$L$24:$P$24)) | BL8: =IF(OR(NOT($AQ8),Log_Putaran!$C$25=""),"",$BB8*SUMPRODUCT($AG8:$AK8,Log_Putaran!$L$25:$P$25)) | BM8: =IF(OR(NOT($AQ8),Log_Putaran!$C$26=""),"",$BL8*SUMPRODUCT($AL8:$AP8,Log_Putaran!$L$26:$P$26)) | BN8: =IF(OR(NOT($AQ8),Log_Putaran!$C$27=""),"",$BL8*SUMPRODUCT($AL8:$AP8,Log_Putaran!$L$27:$P$27)) | BO8: =IF(OR(NOT($AQ8),Log_Putaran!$C$28=""),"",$BL8*SUMPRODUCT($AL8:$AP8,Log_Putaran!$L$28:$P$28)) | BP8: =IF(OR(NOT($AQ8),Log_Putaran!$C$29=""),"",$BL8*SUMPRODUCT($AL8:$AP8,Log_Putaran!$L$29:$P$29)) | BQ8: =IF(OR(NOT($AQ8),Log_Putaran!$C$30=""),"",$BL8*SUMPRODUCT($AL8:$AP8,Log_Putaran!$L$30:$P$30)) | BR8: =IF(OR(NOT($AQ8),Log_Putaran!$C$31=""),"",$BL8*SUMPRODUCT($AL8:$AP8,Log_Putaran!$L$31:$P$31)) | BS8: =IF(OR(NOT($AQ8),Log_Putaran!$C$32=""),"",$BL8*SUMPRODUCT($AL8:$AP8,Log_Putaran!$L$32:$P$32)) | BT8: =IF(OR(NOT($AQ8),Log_Putaran!$C$33=""),"",$BL8*SUMPRODUCT($AL8:$AP8,Log_Putaran!$L$33:$P$33)) | BU8: =IF(OR(NOT($AQ8),Log_Putaran!$C$34=""),"",$BL8*SUMPRODUCT($AL8:$AP8,Log_Putaran!$L$34:$P$34)) | BV8: =IF(OR(NOT($AQ8),Log_Putaran!$C$35=""),"",$BL8*SUMPRODUCT($AL8:$AP8,Log_Putaran!$L$35:$P$35)) | BW8: =IF($AQ8,INDEX($AR8:$BV8,1,PutaranKini+1),"") | BX8: =IF($AQ8,INDEX($AR8:$BV8,1,MAX(PutaranKini,1)),"") | BY8: =IF($AQ8,BW8/Modal-1,"") | BZ8: =IF($AQ8,MAX(_DD!$B8:$AE8),"") | CA8: =IF($AQ8,BW8-ROW()/10000,-1E+99) -> -1e+99 | CB8: =IF($AQ8,SUMPRODUCT(--($CA$6:$CA$65>CA8))+1,"") | CC8: =IF($AQ8,BX8-ROW()/10000,-1E+99) -> -1e+99 | CD8: =IF($AQ8,SUMPRODUCT(--($CC$6:$CC$65>CC8))+1,"") | CE8: =IF($AQ8,CD8-CB8,"") | CF8: =IF(AND($AQ8,N(BZ8)<=BatasDD),BW8-ROW()/10000,-1E+99) -> -1e+99
A9: =Peserta!A9 -> P04 | B9: =IF($C9>0,INDEX(Input!$C:$C,$C9)&"",IF(Peserta!B9="",$A9,Peserta!B9)) -> P04 | C9: =SUMPRODUCT(MAX((_Bantu!$A$2:$A$2001=$A9)*ROW(_Bantu!$A$2:$A$2001))) -> 0 | D9: =SUMPRODUCT(MAX((_Bantu!$C$2:$C$2001=$A9&"|1")*ROW(_Bantu!$C$2:$C$2001))) -> 0 | E9: =IF($D9=0,"",INDEX(_Bantu!D:D,$D9)) | F9: =IF($D9=0,"",INDEX(_Bantu!E:E,$D9)) | G9: =IF($D9=0,"",INDEX(_Bantu!F:F,$D9)) | H9: =IF($D9=0,"",INDEX(_Bantu!G:G,$D9)) | I9: =IF($D9=0,"",INDEX(_Bantu!H:H,$D9)) | J9: =IF($D9=0,"",SUM(E9:I9)) | K9: =IF($D9=0,"Belum isi",IF(ABS(J9-1)>0.0001,"Total "&ROUND(J9*100,0)&"% (harus 100%)",IF(MAX(E9:I9)>BatasAset+0.0001,"Melebihi batas per aset",IF(MIN(E9:I9)<0,"Ada nilai negatif","OK")))) -> Belum isi | L9: =SUMPRODUCT(MAX((_Bantu!$C$2:$C$2001=$A9&"|2")*ROW(_Bantu!$C$2:$C$2001))) -> 0 | M9: =IF($L9=0,"",INDEX(_Bantu!D:D,$L9)) | N9: =IF($L9=0,"",INDEX(_Bantu!E:E,$L9)) | O9: =IF($L9=0,"",INDEX(_Bantu!F:F,$L9)) | P9: =IF($L9=0,"",INDEX(_Bantu!G:G,$L9)) | Q9: =IF($L9=0,"",INDEX(_Bantu!H:H,$L9)) | R9: =IF($L9=0,"",SUM(M9:Q9)) | S9: =IF($L9=0,"Belum isi",IF(ABS(R9-1)>0.0001,"Total "&ROUND(R9*100,0)&"% (harus 100%)",IF(MAX(M9:Q9)>BatasAset+0.0001,"Melebihi batas per aset",IF(MIN(M9:Q9)<0,"Ada nilai negatif","OK")))) -> Belum isi | T9: =SUMPRODUCT(MAX((_Bantu!$C$2:$C$2001=$A9&"|3")*ROW(_Bantu!$C$2:$C$2001))) -> 0 | U9: =IF($T9=0,"",INDEX(_Bantu!D:D,$T9)) | V9: =IF($T9=0,"",INDEX(_Bantu!E:E,$T9)) | W9: =IF($T9=0,"",INDEX(_Bantu!F:F,$T9)) | X9: =IF($T9=0,"",INDEX(_Bantu!G:G,$T9)) | Y9: =IF($T9=0,"",INDEX(_Bantu!H:H,$T9)) | Z9: =IF($T9=0,"",SUM(U9:Y9)) | AA9: =IF($T9=0,"Belum isi",IF(ABS(Z9-1)>0.0001,"Total "&ROUND(Z9*100,0)&"% (harus 100%)",IF(MAX(U9:Y9)>BatasAset+0.0001,"Melebihi batas per aset",IF(MIN(U9:Y9)<0,"Ada nilai negatif","OK")))) -> Belum isi | AB9: =IF($K9="OK",E9,0) -> 0 | AC9: =IF($K9="OK",F9,0) -> 0 | AD9: =IF($K9="OK",G9,0) -> 0 | AE9: =IF($K9="OK",H9,0) -> 0 | AF9: =IF($K9="OK",I9,0) -> 0 | AG9: =IF($S9="OK",M9,AB9) -> 0 | AH9: =IF($S9="OK",N9,AC9) -> 0 | AI9: =IF($S9="OK",O9,AD9) -> 0 | AJ9: =IF($S9="OK",P9,AE9) -> 0 | AK9: =IF($S9="OK",Q9,AF9) -> 0 | AL9: =IF($AA9="OK",U9,AG9) -> 0 | AM9: =IF($AA9="OK",V9,AH9) -> 0 | AN9: =IF($AA9="OK",W9,AI9) -> 0 | AO9: =IF($AA9="OK",X9,AJ9) -> 0 | AP9: =IF($AA9="OK",Y9,AK9) -> 0 | AQ9: =$K9="OK" -> FALSE | AR9: =IF($AQ9,Modal,"") | AS9: =IF(OR(NOT($AQ9),Log_Putaran!$C$6=""),"",$AR9*SUMPRODUCT($AB9:$AF9,Log_Putaran!$L$6:$P$6)) | AT9: =IF(OR(NOT($AQ9),Log_Putaran!$C$7=""),"",$AR9*SUMPRODUCT($AB9:$AF9,Log_Putaran!$L$7:$P$7)) | AU9: =IF(OR(NOT($AQ9),Log_Putaran!$C$8=""),"",$AR9*SUMPRODUCT($AB9:$AF9,Log_Putaran!$L$8:$P$8)) | AV9: =IF(OR(NOT($AQ9),Log_Putaran!$C$9=""),"",$AR9*SUMPRODUCT($AB9:$AF9,Log_Putaran!$L$9:$P$9)) | AW9: =IF(OR(NOT($AQ9),Log_Putaran!$C$10=""),"",$AR9*SUMPRODUCT($AB9:$AF9,Log_Putaran!$L$10:$P$10)) | AX9: =IF(OR(NOT($AQ9),Log_Putaran!$C$11=""),"",$AR9*SUMPRODUCT($AB9:$AF9,Log_Putaran!$L$11:$P$11)) | AY9: =IF(OR(NOT($AQ9),Log_Putaran!$C$12=""),"",$AR9*SUMPRODUCT($AB9:$AF9,Log_Putaran!$L$12:$P$12)) | AZ9: =IF(OR(NOT($AQ9),Log_Putaran!$C$13=""),"",$AR9*SUMPRODUCT($AB9:$AF9,Log_Putaran!$L$13:$P$13)) | BA9: =IF(OR(NOT($AQ9),Log_Putaran!$C$14=""),"",$AR9*SUMPRODUCT($AB9:$AF9,Log_Putaran!$L$14:$P$14)) | BB9: =IF(OR(NOT($AQ9),Log_Putaran!$C$15=""),"",$AR9*SUMPRODUCT($AB9:$AF9,Log_Putaran!$L$15:$P$15)) | BC9: =IF(OR(NOT($AQ9),Log_Putaran!$C$16=""),"",$BB9*SUMPRODUCT($AG9:$AK9,Log_Putaran!$L$16:$P$16)) | BD9: =IF(OR(NOT($AQ9),Log_Putaran!$C$17=""),"",$BB9*SUMPRODUCT($AG9:$AK9,Log_Putaran!$L$17:$P$17)) | BE9: =IF(OR(NOT($AQ9),Log_Putaran!$C$18=""),"",$BB9*SUMPRODUCT($AG9:$AK9,Log_Putaran!$L$18:$P$18)) | BF9: =IF(OR(NOT($AQ9),Log_Putaran!$C$19=""),"",$BB9*SUMPRODUCT($AG9:$AK9,Log_Putaran!$L$19:$P$19)) | BG9: =IF(OR(NOT($AQ9),Log_Putaran!$C$20=""),"",$BB9*SUMPRODUCT($AG9:$AK9,Log_Putaran!$L$20:$P$20)) | BH9: =IF(OR(NOT($AQ9),Log_Putaran!$C$21=""),"",$BB9*SUMPRODUCT($AG9:$AK9,Log_Putaran!$L$21:$P$21)) | BI9: =IF(OR(NOT($AQ9),Log_Putaran!$C$22=""),"",$BB9*SUMPRODUCT($AG9:$AK9,Log_Putaran!$L$22:$P$22)) | BJ9: =IF(OR(NOT($AQ9),Log_Putaran!$C$23=""),"",$BB9*SUMPRODUCT($AG9:$AK9,Log_Putaran!$L$23:$P$23)) | BK9: =IF(OR(NOT($AQ9),Log_Putaran!$C$24=""),"",$BB9*SUMPRODUCT($AG9:$AK9,Log_Putaran!$L$24:$P$24)) | BL9: =IF(OR(NOT($AQ9),Log_Putaran!$C$25=""),"",$BB9*SUMPRODUCT($AG9:$AK9,Log_Putaran!$L$25:$P$25)) | BM9: =IF(OR(NOT($AQ9),Log_Putaran!$C$26=""),"",$BL9*SUMPRODUCT($AL9:$AP9,Log_Putaran!$L$26:$P$26)) | BN9: =IF(OR(NOT($AQ9),Log_Putaran!$C$27=""),"",$BL9*SUMPRODUCT($AL9:$AP9,Log_Putaran!$L$27:$P$27)) | BO9: =IF(OR(NOT($AQ9),Log_Putaran!$C$28=""),"",$BL9*SUMPRODUCT($AL9:$AP9,Log_Putaran!$L$28:$P$28)) | BP9: =IF(OR(NOT($AQ9),Log_Putaran!$C$29=""),"",$BL9*SUMPRODUCT($AL9:$AP9,Log_Putaran!$L$29:$P$29)) | BQ9: =IF(OR(NOT($AQ9),Log_Putaran!$C$30=""),"",$BL9*SUMPRODUCT($AL9:$AP9,Log_Putaran!$L$30:$P$30)) | BR9: =IF(OR(NOT($AQ9),Log_Putaran!$C$31=""),"",$BL9*SUMPRODUCT($AL9:$AP9,Log_Putaran!$L$31:$P$31)) | BS9: =IF(OR(NOT($AQ9),Log_Putaran!$C$32=""),"",$BL9*SUMPRODUCT($AL9:$AP9,Log_Putaran!$L$32:$P$32)) | BT9: =IF(OR(NOT($AQ9),Log_Putaran!$C$33=""),"",$BL9*SUMPRODUCT($AL9:$AP9,Log_Putaran!$L$33:$P$33)) | BU9: =IF(OR(NOT($AQ9),Log_Putaran!$C$34=""),"",$BL9*SUMPRODUCT($AL9:$AP9,Log_Putaran!$L$34:$P$34)) | BV9: =IF(OR(NOT($AQ9),Log_Putaran!$C$35=""),"",$BL9*SUMPRODUCT($AL9:$AP9,Log_Putaran!$L$35:$P$35)) | BW9: =IF($AQ9,INDEX($AR9:$BV9,1,PutaranKini+1),"") | BX9: =IF($AQ9,INDEX($AR9:$BV9,1,MAX(PutaranKini,1)),"") | BY9: =IF($AQ9,BW9/Modal-1,"") | BZ9: =IF($AQ9,MAX(_DD!$B9:$AE9),"") | CA9: =IF($AQ9,BW9-ROW()/10000,-1E+99) -> -1e+99 | CB9: =IF($AQ9,SUMPRODUCT(--($CA$6:$CA$65>CA9))+1,"") | CC9: =IF($AQ9,BX9-ROW()/10000,-1E+99) -> -1e+99 | CD9: =IF($AQ9,SUMPRODUCT(--($CC$6:$CC$65>CC9))+1,"") | CE9: =IF($AQ9,CD9-CB9,"") | CF9: =IF(AND($AQ9,N(BZ9)<=BatasDD),BW9-ROW()/10000,-1E+99) -> -1e+99
A10: =Peserta!A10 -> P05 | B10: =IF($C10>0,INDEX(Input!$C:$C,$C10)&"",IF(Peserta!B10="",$A10,Peserta!B10)) -> P05 | C10: =SUMPRODUCT(MAX((_Bantu!$A$2:$A$2001=$A10)*ROW(_Bantu!$A$2:$A$2001))) -> 0 | D10: =SUMPRODUCT(MAX((_Bantu!$C$2:$C$2001=$A10&"|1")*ROW(_Bantu!$C$2:$C$2001))) -> 0 | E10: =IF($D10=0,"",INDEX(_Bantu!D:D,$D10)) | F10: =IF($D10=0,"",INDEX(_Bantu!E:E,$D10)) | G10: =IF($D10=0,"",INDEX(_Bantu!F:F,$D10)) | H10: =IF($D10=0,"",INDEX(_Bantu!G:G,$D10)) | I10: =IF($D10=0,"",INDEX(_Bantu!H:H,$D10)) | J10: =IF($D10=0,"",SUM(E10:I10)) | K10: =IF($D10=0,"Belum isi",IF(ABS(J10-1)>0.0001,"Total "&ROUND(J10*100,0)&"% (harus 100%)",IF(MAX(E10:I10)>BatasAset+0.0001,"Melebihi batas per aset",IF(MIN(E10:I10)<0,"Ada nilai negatif","OK")))) -> Belum isi | L10: =SUMPRODUCT(MAX((_Bantu!$C$2:$C$2001=$A10&"|2")*ROW(_Bantu!$C$2:$C$2001))) -> 0 | M10: =IF($L10=0,"",INDEX(_Bantu!D:D,$L10)) | N10: =IF($L10=0,"",INDEX(_Bantu!E:E,$L10)) | O10: =IF($L10=0,"",INDEX(_Bantu!F:F,$L10)) | P10: =IF($L10=0,"",INDEX(_Bantu!G:G,$L10)) | Q10: =IF($L10=0,"",INDEX(_Bantu!H:H,$L10)) | R10: =IF($L10=0,"",SUM(M10:Q10)) | S10: =IF($L10=0,"Belum isi",IF(ABS(R10-1)>0.0001,"Total "&ROUND(R10*100,0)&"% (harus 100%)",IF(MAX(M10:Q10)>BatasAset+0.0001,"Melebihi batas per aset",IF(MIN(M10:Q10)<0,"Ada nilai negatif","OK")))) -> Belum isi | T10: =SUMPRODUCT(MAX((_Bantu!$C$2:$C$2001=$A10&"|3")*ROW(_Bantu!$C$2:$C$2001))) -> 0 | U10: =IF($T10=0,"",INDEX(_Bantu!D:D,$T10)) | V10: =IF($T10=0,"",INDEX(_Bantu!E:E,$T10)) | W10: =IF($T10=0,"",INDEX(_Bantu!F:F,$T10)) | X10: =IF($T10=0,"",INDEX(_Bantu!G:G,$T10)) | Y10: =IF($T10=0,"",INDEX(_Bantu!H:H,$T10)) | Z10: =IF($T10=0,"",SUM(U10:Y10)) | AA10: =IF($T10=0,"Belum isi",IF(ABS(Z10-1)>0.0001,"Total "&ROUND(Z10*100,0)&"% (harus 100%)",IF(MAX(U10:Y10)>BatasAset+0.0001,"Melebihi batas per aset",IF(MIN(U10:Y10)<0,"Ada nilai negatif","OK")))) -> Belum isi | AB10: =IF($K10="OK",E10,0) -> 0 | AC10: =IF($K10="OK",F10,0) -> 0 | AD10: =IF($K10="OK",G10,0) -> 0 | AE10: =IF($K10="OK",H10,0) -> 0 | AF10: =IF($K10="OK",I10,0) -> 0 | AG10: =IF($S10="OK",M10,AB10) -> 0 | AH10: =IF($S10="OK",N10,AC10) -> 0 | AI10: =IF($S10="OK",O10,AD10) -> 0 | AJ10: =IF($S10="OK",P10,AE10) -> 0 | AK10: =IF($S10="OK",Q10,AF10) -> 0 | AL10: =IF($AA10="OK",U10,AG10) -> 0 | AM10: =IF($AA10="OK",V10,AH10) -> 0 | AN10: =IF($AA10="OK",W10,AI10) -> 0 | AO10: =IF($AA10="OK",X10,AJ10) -> 0 | AP10: =IF($AA10="OK",Y10,AK10) -> 0 | AQ10: =$K10="OK" -> FALSE | AR10: =IF($AQ10,Modal,"") | AS10: =IF(OR(NOT($AQ10),Log_Putaran!$C$6=""),"",$AR10*SUMPRODUCT($AB10:$AF10,Log_Putaran!$L$6:$P$6)) | AT10: =IF(OR(NOT($AQ10),Log_Putaran!$C$7=""),"",$AR10*SUMPRODUCT($AB10:$AF10,Log_Putaran!$L$7:$P$7)) | AU10: =IF(OR(NOT($AQ10),Log_Putaran!$C$8=""),"",$AR10*SUMPRODUCT($AB10:$AF10,Log_Putaran!$L$8:$P$8)) | AV10: =IF(OR(NOT($AQ10),Log_Putaran!$C$9=""),"",$AR10*SUMPRODUCT($AB10:$AF10,Log_Putaran!$L$9:$P$9)) | AW10: =IF(OR(NOT($AQ10),Log_Putaran!$C$10=""),"",$AR10*SUMPRODUCT($AB10:$AF10,Log_Putaran!$L$10:$P$10)) | AX10: =IF(OR(NOT($AQ10),Log_Putaran!$C$11=""),"",$AR10*SUMPRODUCT($AB10:$AF10,Log_Putaran!$L$11:$P$11)) | AY10: =IF(OR(NOT($AQ10),Log_Putaran!$C$12=""),"",$AR10*SUMPRODUCT($AB10:$AF10,Log_Putaran!$L$12:$P$12)) | AZ10: =IF(OR(NOT($AQ10),Log_Putaran!$C$13=""),"",$AR10*SUMPRODUCT($AB10:$AF10,Log_Putaran!$L$13:$P$13)) | BA10: =IF(OR(NOT($AQ10),Log_Putaran!$C$14=""),"",$AR10*SUMPRODUCT($AB10:$AF10,Log_Putaran!$L$14:$P$14)) | BB10: =IF(OR(NOT($AQ10),Log_Putaran!$C$15=""),"",$AR10*SUMPRODUCT($AB10:$AF10,Log_Putaran!$L$15:$P$15)) | BC10: =IF(OR(NOT($AQ10),Log_Putaran!$C$16=""),"",$BB10*SUMPRODUCT($AG10:$AK10,Log_Putaran!$L$16:$P$16)) | BD10: =IF(OR(NOT($AQ10),Log_Putaran!$C$17=""),"",$BB10*SUMPRODUCT($AG10:$AK10,Log_Putaran!$L$17:$P$17)) | BE10: =IF(OR(NOT($AQ10),Log_Putaran!$C$18=""),"",$BB10*SUMPRODUCT($AG10:$AK10,Log_Putaran!$L$18:$P$18)) | BF10: =IF(OR(NOT($AQ10),Log_Putaran!$C$19=""),"",$BB10*SUMPRODUCT($AG10:$AK10,Log_Putaran!$L$19:$P$19)) | BG10: =IF(OR(NOT($AQ10),Log_Putaran!$C$20=""),"",$BB10*SUMPRODUCT($AG10:$AK10,Log_Putaran!$L$20:$P$20)) | BH10: =IF(OR(NOT($AQ10),Log_Putaran!$C$21=""),"",$BB10*SUMPRODUCT($AG10:$AK10,Log_Putaran!$L$21:$P$21)) | BI10: =IF(OR(NOT($AQ10),Log_Putaran!$C$22=""),"",$BB10*SUMPRODUCT($AG10:$AK10,Log_Putaran!$L$22:$P$22)) | BJ10: =IF(OR(NOT($AQ10),Log_Putaran!$C$23=""),"",$BB10*SUMPRODUCT($AG10:$AK10,Log_Putaran!$L$23:$P$23)) | BK10: =IF(OR(NOT($AQ10),Log_Putaran!$C$24=""),"",$BB10*SUMPRODUCT($AG10:$AK10,Log_Putaran!$L$24:$P$24)) | BL10: =IF(OR(NOT($AQ10),Log_Putaran!$C$25=""),"",$BB10*SUMPRODUCT($AG10:$AK10,Log_Putaran!$L$25:$P$25)) | BM10: =IF(OR(NOT($AQ10),Log_Putaran!$C$26=""),"",$BL10*SUMPRODUCT($AL10:$AP10,Log_Putaran!$L$26:$P$26)) | BN10: =IF(OR(NOT($AQ10),Log_Putaran!$C$27=""),"",$BL10*SUMPRODUCT($AL10:$AP10,Log_Putaran!$L$27:$P$27)) | BO10: =IF(OR(NOT($AQ10),Log_Putaran!$C$28=""),"",$BL10*SUMPRODUCT($AL10:$AP10,Log_Putaran!$L$28:$P$28)) | BP10: =IF(OR(NOT($AQ10),Log_Putaran!$C$29=""),"",$BL10*SUMPRODUCT($AL10:$AP10,Log_Putaran!$L$29:$P$29)) | BQ10: =IF(OR(NOT($AQ10),Log_Putaran!$C$30=""),"",$BL10*SUMPRODUCT($AL10:$AP10,Log_Putaran!$L$30:$P$30)) | BR10: =IF(OR(NOT($AQ10),Log_Putaran!$C$31=""),"",$BL10*SUMPRODUCT($AL10:$AP10,Log_Putaran!$L$31:$P$31)) | BS10: =IF(OR(NOT($AQ10),Log_Putaran!$C$32=""),"",$BL10*SUMPRODUCT($AL10:$AP10,Log_Putaran!$L$32:$P$32)) | BT10: =IF(OR(NOT($AQ10),Log_Putaran!$C$33=""),"",$BL10*SUMPRODUCT($AL10:$AP10,Log_Putaran!$L$33:$P$33)) | BU10: =IF(OR(NOT($AQ10),Log_Putaran!$C$34=""),"",$BL10*SUMPRODUCT($AL10:$AP10,Log_Putaran!$L$34:$P$34)) | BV10: =IF(OR(NOT($AQ10),Log_Putaran!$C$35=""),"",$BL10*SUMPRODUCT($AL10:$AP10,Log_Putaran!$L$35:$P$35)) | BW10: =IF($AQ10,INDEX($AR10:$BV10,1,PutaranKini+1),"") | BX10: =IF($AQ10,INDEX($AR10:$BV10,1,MAX(PutaranKini,1)),"") | BY10: =IF($AQ10,BW10/Modal-1,"") | BZ10: =IF($AQ10,MAX(_DD!$B10:$AE10),"") | CA10: =IF($AQ10,BW10-ROW()/10000,-1E+99) -> -1e+99 | CB10: =IF($AQ10,SUMPRODUCT(--($CA$6:$CA$65>CA10))+1,"") | CC10: =IF($AQ10,BX10-ROW()/10000,-1E+99) -> -1e+99 | CD10: =IF($AQ10,SUMPRODUCT(--($CC$6:$CC$65>CC10))+1,"") | CE10: =IF($AQ10,CD10-CB10,"") | CF10: =IF(AND($AQ10,N(BZ10)<=BatasDD),BW10-ROW()/10000,-1E+99) -> -1e+99
A11: =Peserta!A11 -> P06 | B11: =IF($C11>0,INDEX(Input!$C:$C,$C11)&"",IF(Peserta!B11="",$A11,Peserta!B11)) -> P06 | C11: =SUMPRODUCT(MAX((_Bantu!$A$2:$A$2001=$A11)*ROW(_Bantu!$A$2:$A$2001))) -> 0 | D11: =SUMPRODUCT(MAX((_Bantu!$C$2:$C$2001=$A11&"|1")*ROW(_Bantu!$C$2:$C$2001))) -> 0 | E11: =IF($D11=0,"",INDEX(_Bantu!D:D,$D11)) | F11: =IF($D11=0,"",INDEX(_Bantu!E:E,$D11)) | G11: =IF($D11=0,"",INDEX(_Bantu!F:F,$D11)) | H11: =IF($D11=0,"",INDEX(_Bantu!G:G,$D11)) | I11: =IF($D11=0,"",INDEX(_Bantu!H:H,$D11)) | J11: =IF($D11=0,"",SUM(E11:I11)) | K11: =IF($D11=0,"Belum isi",IF(ABS(J11-1)>0.0001,"Total "&ROUND(J11*100,0)&"% (harus 100%)",IF(MAX(E11:I11)>BatasAset+0.0001,"Melebihi batas per aset",IF(MIN(E11:I11)<0,"Ada nilai negatif","OK")))) -> Belum isi | L11: =SUMPRODUCT(MAX((_Bantu!$C$2:$C$2001=$A11&"|2")*ROW(_Bantu!$C$2:$C$2001))) -> 0 | M11: =IF($L11=0,"",INDEX(_Bantu!D:D,$L11)) | N11: =IF($L11=0,"",INDEX(_Bantu!E:E,$L11)) | O11: =IF($L11=0,"",INDEX(_Bantu!F:F,$L11)) | P11: =IF($L11=0,"",INDEX(_Bantu!G:G,$L11)) | Q11: =IF($L11=0,"",INDEX(_Bantu!H:H,$L11)) | R11: =IF($L11=0,"",SUM(M11:Q11)) | S11: =IF($L11=0,"Belum isi",IF(ABS(R11-1)>0.0001,"Total "&ROUND(R11*100,0)&"% (harus 100%)",IF(MAX(M11:Q11)>BatasAset+0.0001,"Melebihi batas per aset",IF(MIN(M11:Q11)<0,"Ada nilai negatif","OK")))) -> Belum isi | T11: =SUMPRODUCT(MAX((_Bantu!$C$2:$C$2001=$A11&"|3")*ROW(_Bantu!$C$2:$C$2001))) -> 0 | U11: =IF($T11=0,"",INDEX(_Bantu!D:D,$T11)) | V11: =IF($T11=0,"",INDEX(_Bantu!E:E,$T11)) | W11: =IF($T11=0,"",INDEX(_Bantu!F:F,$T11)) | X11: =IF($T11=0,"",INDEX(_Bantu!G:G,$T11)) | Y11: =IF($T11=0,"",INDEX(_Bantu!H:H,$T11)) | Z11: =IF($T11=0,"",SUM(U11:Y11)) | AA11: =IF($T11=0,"Belum isi",IF(ABS(Z11-1)>0.0001,"Total "&ROUND(Z11*100,0)&"% (harus 100%)",IF(MAX(U11:Y11)>BatasAset+0.0001,"Melebihi batas per aset",IF(MIN(U11:Y11)<0,"Ada nilai negatif","OK")))) -> Belum isi | AB11: =IF($K11="OK",E11,0) -> 0 | AC11: =IF($K11="OK",F11,0) -> 0 | AD11: =IF($K11="OK",G11,0) -> 0 | AE11: =IF($K11="OK",H11,0) -> 0 | AF11: =IF($K11="OK",I11,0) -> 0 | AG11: =IF($S11="OK",M11,AB11) -> 0 | AH11: =IF($S11="OK",N11,AC11) -> 0 | AI11: =IF($S11="OK",O11,AD11) -> 0 | AJ11: =IF($S11="OK",P11,AE11) -> 0 | AK11: =IF($S11="OK",Q11,AF11) -> 0 | AL11: =IF($AA11="OK",U11,AG11) -> 0 | AM11: =IF($AA11="OK",V11,AH11) -> 0 | AN11: =IF($AA11="OK",W11,AI11) -> 0 | AO11: =IF($AA11="OK",X11,AJ11) -> 0 | AP11: =IF($AA11="OK",Y11,AK11) -> 0 | AQ11: =$K11="OK" -> FALSE | AR11: =IF($AQ11,Modal,"") | AS11: =IF(OR(NOT($AQ11),Log_Putaran!$C$6=""),"",$AR11*SUMPRODUCT($AB11:$AF11,Log_Putaran!$L$6:$P$6)) | AT11: =IF(OR(NOT($AQ11),Log_Putaran!$C$7=""),"",$AR11*SUMPRODUCT($AB11:$AF11,Log_Putaran!$L$7:$P$7)) | AU11: =IF(OR(NOT($AQ11),Log_Putaran!$C$8=""),"",$AR11*SUMPRODUCT($AB11:$AF11,Log_Putaran!$L$8:$P$8)) | AV11: =IF(OR(NOT($AQ11),Log_Putaran!$C$9=""),"",$AR11*SUMPRODUCT($AB11:$AF11,Log_Putaran!$L$9:$P$9)) | AW11: =IF(OR(NOT($AQ11),Log_Putaran!$C$10=""),"",$AR11*SUMPRODUCT($AB11:$AF11,Log_Putaran!$L$10:$P$10)) | AX11: =IF(OR(NOT($AQ11),Log_Putaran!$C$11=""),"",$AR11*SUMPRODUCT($AB11:$AF11,Log_Putaran!$L$11:$P$11)) | AY11: =IF(OR(NOT($AQ11),Log_Putaran!$C$12=""),"",$AR11*SUMPRODUCT($AB11:$AF11,Log_Putaran!$L$12:$P$12)) | AZ11: =IF(OR(NOT($AQ11),Log_Putaran!$C$13=""),"",$AR11*SUMPRODUCT($AB11:$AF11,Log_Putaran!$L$13:$P$13)) | BA11: =IF(OR(NOT($AQ11),Log_Putaran!$C$14=""),"",$AR11*SUMPRODUCT($AB11:$AF11,Log_Putaran!$L$14:$P$14)) | BB11: =IF(OR(NOT($AQ11),Log_Putaran!$C$15=""),"",$AR11*SUMPRODUCT($AB11:$AF11,Log_Putaran!$L$15:$P$15)) | BC11: =IF(OR(NOT($AQ11),Log_Putaran!$C$16=""),"",$BB11*SUMPRODUCT($AG11:$AK11,Log_Putaran!$L$16:$P$16)) | BD11: =IF(OR(NOT($AQ11),Log_Putaran!$C$17=""),"",$BB11*SUMPRODUCT($AG11:$AK11,Log_Putaran!$L$17:$P$17)) | BE11: =IF(OR(NOT($AQ11),Log_Putaran!$C$18=""),"",$BB11*SUMPRODUCT($AG11:$AK11,Log_Putaran!$L$18:$P$18)) | BF11: =IF(OR(NOT($AQ11),Log_Putaran!$C$19=""),"",$BB11*SUMPRODUCT($AG11:$AK11,Log_Putaran!$L$19:$P$19)) | BG11: =IF(OR(NOT($AQ11),Log_Putaran!$C$20=""),"",$BB11*SUMPRODUCT($AG11:$AK11,Log_Putaran!$L$20:$P$20)) | BH11: =IF(OR(NOT($AQ11),Log_Putaran!$C$21=""),"",$BB11*SUMPRODUCT($AG11:$AK11,Log_Putaran!$L$21:$P$21)) | BI11: =IF(OR(NOT($AQ11),Log_Putaran!$C$22=""),"",$BB11*SUMPRODUCT($AG11:$AK11,Log_Putaran!$L$22:$P$22)) | BJ11: =IF(OR(NOT($AQ11),Log_Putaran!$C$23=""),"",$BB11*SUMPRODUCT($AG11:$AK11,Log_Putaran!$L$23:$P$23)) | BK11: =IF(OR(NOT($AQ11),Log_Putaran!$C$24=""),"",$BB11*SUMPRODUCT($AG11:$AK11,Log_Putaran!$L$24:$P$24)) | BL11: =IF(OR(NOT($AQ11),Log_Putaran!$C$25=""),"",$BB11*SUMPRODUCT($AG11:$AK11,Log_Putaran!$L$25:$P$25)) | BM11: =IF(OR(NOT($AQ11),Log_Putaran!$C$26=""),"",$BL11*SUMPRODUCT($AL11:$AP11,Log_Putaran!$L$26:$P$26)) | BN11: =IF(OR(NOT($AQ11),Log_Putaran!$C$27=""),"",$BL11*SUMPRODUCT($AL11:$AP11,Log_Putaran!$L$27:$P$27)) | BO11: =IF(OR(NOT($AQ11),Log_Putaran!$C$28=""),"",$BL11*SUMPRODUCT($AL11:$AP11,Log_Putaran!$L$28:$P$28)) | BP11: =IF(OR(NOT($AQ11),Log_Putaran!$C$29=""),"",$BL11*SUMPRODUCT($AL11:$AP11,Log_Putaran!$L$29:$P$29)) | BQ11: =IF(OR(NOT($AQ11),Log_Putaran!$C$30=""),"",$BL11*SUMPRODUCT($AL11:$AP11,Log_Putaran!$L$30:$P$30)) | BR11: =IF(OR(NOT($AQ11),Log_Putaran!$C$31=""),"",$BL11*SUMPRODUCT($AL11:$AP11,Log_Putaran!$L$31:$P$31)) | BS11: =IF(OR(NOT($AQ11),Log_Putaran!$C$32=""),"",$BL11*SUMPRODUCT($AL11:$AP11,Log_Putaran!$L$32:$P$32)) | BT11: =IF(OR(NOT($AQ11),Log_Putaran!$C$33=""),"",$BL11*SUMPRODUCT($AL11:$AP11,Log_Putaran!$L$33:$P$33)) | BU11: =IF(OR(NOT($AQ11),Log_Putaran!$C$34=""),"",$BL11*SUMPRODUCT($AL11:$AP11,Log_Putaran!$L$34:$P$34)) | BV11: =IF(OR(NOT($AQ11),Log_Putaran!$C$35=""),"",$BL11*SUMPRODUCT($AL11:$AP11,Log_Putaran!$L$35:$P$35)) | BW11: =IF($AQ11,INDEX($AR11:$BV11,1,PutaranKini+1),"") | BX11: =IF($AQ11,INDEX($AR11:$BV11,1,MAX(PutaranKini,1)),"") | BY11: =IF($AQ11,BW11/Modal-1,"") | BZ11: =IF($AQ11,MAX(_DD!$B11:$AE11),"") | CA11: =IF($AQ11,BW11-ROW()/10000,-1E+99) -> -1e+99 | CB11: =IF($AQ11,SUMPRODUCT(--($CA$6:$CA$65>CA11))+1,"") | CC11: =IF($AQ11,BX11-ROW()/10000,-1E+99) -> -1e+99 | CD11: =IF($AQ11,SUMPRODUCT(--($CC$6:$CC$65>CC11))+1,"") | CE11: =IF($AQ11,CD11-CB11,"") | CF11: =IF(AND($AQ11,N(BZ11)<=BatasDD),BW11-ROW()/10000,-1E+99) -> -1e+99
A12: =Peserta!A12 -> P07 | B12: =IF($C12>0,INDEX(Input!$C:$C,$C12)&"",IF(Peserta!B12="",$A12,Peserta!B12)) -> P07 | C12: =SUMPRODUCT(MAX((_Bantu!$A$2:$A$2001=$A12)*ROW(_Bantu!$A$2:$A$2001))) -> 0 | D12: =SUMPRODUCT(MAX((_Bantu!$C$2:$C$2001=$A12&"|1")*ROW(_Bantu!$C$2:$C$2001))) -> 0 | E12: =IF($D12=0,"",INDEX(_Bantu!D:D,$D12)) | F12: =IF($D12=0,"",INDEX(_Bantu!E:E,$D12)) | G12: =IF($D12=0,"",INDEX(_Bantu!F:F,$D12)) | H12: =IF($D12=0,"",INDEX(_Bantu!G:G,$D12)) | I12: =IF($D12=0,"",INDEX(_Bantu!H:H,$D12)) | J12: =IF($D12=0,"",SUM(E12:I12)) | K12: =IF($D12=0,"Belum isi",IF(ABS(J12-1)>0.0001,"Total "&ROUND(J12*100,0)&"% (harus 100%)",IF(MAX(E12:I12)>BatasAset+0.0001,"Melebihi batas per aset",IF(MIN(E12:I12)<0,"Ada nilai negatif","OK")))) -> Belum isi | L12: =SUMPRODUCT(MAX((_Bantu!$C$2:$C$2001=$A12&"|2")*ROW(_Bantu!$C$2:$C$2001))) -> 0 | M12: =IF($L12=0,"",INDEX(_Bantu!D:D,$L12)) | N12: =IF($L12=0,"",INDEX(_Bantu!E:E,$L12)) | O12: =IF($L12=0,"",INDEX(_Bantu!F:F,$L12)) | P12: =IF($L12=0,"",INDEX(_Bantu!G:G,$L12)) | Q12: =IF($L12=0,"",INDEX(_Bantu!H:H,$L12)) | R12: =IF($L12=0,"",SUM(M12:Q12)) | S12: =IF($L12=0,"Belum isi",IF(ABS(R12-1)>0.0001,"Total "&ROUND(R12*100,0)&"% (harus 100%)",IF(MAX(M12:Q12)>BatasAset+0.0001,"Melebihi batas per aset",IF(MIN(M12:Q12)<0,"Ada nilai negatif","OK")))) -> Belum isi | T12: =SUMPRODUCT(MAX((_Bantu!$C$2:$C$2001=$A12&"|3")*ROW(_Bantu!$C$2:$C$2001))) -> 0 | U12: =IF($T12=0,"",INDEX(_Bantu!D:D,$T12)) | V12: =IF($T12=0,"",INDEX(_Bantu!E:E,$T12)) | W12: =IF($T12=0,"",INDEX(_Bantu!F:F,$T12)) | X12: =IF($T12=0,"",INDEX(_Bantu!G:G,$T12)) | Y12: =IF($T12=0,"",INDEX(_Bantu!H:H,$T12)) | Z12: =IF($T12=0,"",SUM(U12:Y12)) | AA12: =IF($T12=0,"Belum isi",IF(ABS(Z12-1)>0.0001,"Total "&ROUND(Z12*100,0)&"% (harus 100%)",IF(MAX(U12:Y12)>BatasAset+0.0001,"Melebihi batas per aset",IF(MIN(U12:Y12)<0,"Ada nilai negatif","OK")))) -> Belum isi | AB12: =IF($K12="OK",E12,0) -> 0 | AC12: =IF($K12="OK",F12,0) -> 0 | AD12: =IF($K12="OK",G12,0) -> 0 | AE12: =IF($K12="OK",H12,0) -> 0 | AF12: =IF($K12="OK",I12,0) -> 0 | AG12: =IF($S12="OK",M12,AB12) -> 0 | AH12: =IF($S12="OK",N12,AC12) -> 0 | AI12: =IF($S12="OK",O12,AD12) -> 0 | AJ12: =IF($S12="OK",P12,AE12) -> 0 | AK12: =IF($S12="OK",Q12,AF12) -> 0 | AL12: =IF($AA12="OK",U12,AG12) -> 0 | AM12: =IF($AA12="OK",V12,AH12) -> 0 | AN12: =IF($AA12="OK",W12,AI12) -> 0 | AO12: =IF($AA12="OK",X12,AJ12) -> 0 | AP12: =IF($AA12="OK",Y12,AK12) -> 0 | AQ12: =$K12="OK" -> FALSE | AR12: =IF($AQ12,Modal,"") | AS12: =IF(OR(NOT($AQ12),Log_Putaran!$C$6=""),"",$AR12*SUMPRODUCT($AB12:$AF12,Log_Putaran!$L$6:$P$6)) | AT12: =IF(OR(NOT($AQ12),Log_Putaran!$C$7=""),"",$AR12*SUMPRODUCT($AB12:$AF12,Log_Putaran!$L$7:$P$7)) | AU12: =IF(OR(NOT($AQ12),Log_Putaran!$C$8=""),"",$AR12*SUMPRODUCT($AB12:$AF12,Log_Putaran!$L$8:$P$8)) | AV12: =IF(OR(NOT($AQ12),Log_Putaran!$C$9=""),"",$AR12*SUMPRODUCT($AB12:$AF12,Log_Putaran!$L$9:$P$9)) | AW12: =IF(OR(NOT($AQ12),Log_Putaran!$C$10=""),"",$AR12*SUMPRODUCT($AB12:$AF12,Log_Putaran!$L$10:$P$10)) | AX12: =IF(OR(NOT($AQ12),Log_Putaran!$C$11=""),"",$AR12*SUMPRODUCT($AB12:$AF12,Log_Putaran!$L$11:$P$11)) | AY12: =IF(OR(NOT($AQ12),Log_Putaran!$C$12=""),"",$AR12*SUMPRODUCT($AB12:$AF12,Log_Putaran!$L$12:$P$12)) | AZ12: =IF(OR(NOT($AQ12),Log_Putaran!$C$13=""),"",$AR12*SUMPRODUCT($AB12:$AF12,Log_Putaran!$L$13:$P$13)) | BA12: =IF(OR(NOT($AQ12),Log_Putaran!$C$14=""),"",$AR12*SUMPRODUCT($AB12:$AF12,Log_Putaran!$L$14:$P$14)) | BB12: =IF(OR(NOT($AQ12),Log_Putaran!$C$15=""),"",$AR12*SUMPRODUCT($AB12:$AF12,Log_Putaran!$L$15:$P$15)) | BC12: =IF(OR(NOT($AQ12),Log_Putaran!$C$16=""),"",$BB12*SUMPRODUCT($AG12:$AK12,Log_Putaran!$L$16:$P$16)) | BD12: =IF(OR(NOT($AQ12),Log_Putaran!$C$17=""),"",$BB12*SUMPRODUCT($AG12:$AK12,Log_Putaran!$L$17:$P$17)) | BE12: =IF(OR(NOT($AQ12),Log_Putaran!$C$18=""),"",$BB12*SUMPRODUCT($AG12:$AK12,Log_Putaran!$L$18:$P$18)) | BF12: =IF(OR(NOT($AQ12),Log_Putaran!$C$19=""),"",$BB12*SUMPRODUCT($AG12:$AK12,Log_Putaran!$L$19:$P$19)) | BG12: =IF(OR(NOT($AQ12),Log_Putaran!$C$20=""),"",$BB12*SUMPRODUCT($AG12:$AK12,Log_Putaran!$L$20:$P$20)) | BH12: =IF(OR(NOT($AQ12),Log_Putaran!$C$21=""),"",$BB12*SUMPRODUCT($AG12:$AK12,Log_Putaran!$L$21:$P$21)) | BI12: =IF(OR(NOT($AQ12),Log_Putaran!$C$22=""),"",$BB12*SUMPRODUCT($AG12:$AK12,Log_Putaran!$L$22:$P$22)) | BJ12: =IF(OR(NOT($AQ12),Log_Putaran!$C$23=""),"",$BB12*SUMPRODUCT($AG12:$AK12,Log_Putaran!$L$23:$P$23)) | BK12: =IF(OR(NOT($AQ12),Log_Putaran!$C$24=""),"",$BB12*SUMPRODUCT($AG12:$AK12,Log_Putaran!$L$24:$P$24)) | BL12: =IF(OR(NOT($AQ12),Log_Putaran!$C$25=""),"",$BB12*SUMPRODUCT($AG12:$AK12,Log_Putaran!$L$25:$P$25)) | BM12: =IF(OR(NOT($AQ12),Log_Putaran!$C$26=""),"",$BL12*SUMPRODUCT($AL12:$AP12,Log_Putaran!$L$26:$P$26)) | BN12: =IF(OR(NOT($AQ12),Log_Putaran!$C$27=""),"",$BL12*SUMPRODUCT($AL12:$AP12,Log_Putaran!$L$27:$P$27)) | BO12: =IF(OR(NOT($AQ12),Log_Putaran!$C$28=""),"",$BL12*SUMPRODUCT($AL12:$AP12,Log_Putaran!$L$28:$P$28)) | BP12: =IF(OR(NOT($AQ12),Log_Putaran!$C$29=""),"",$BL12*SUMPRODUCT($AL12:$AP12,Log_Putaran!$L$29:$P$29)) | BQ12: =IF(OR(NOT($AQ12),Log_Putaran!$C$30=""),"",$BL12*SUMPRODUCT($AL12:$AP12,Log_Putaran!$L$30:$P$30)) | BR12: =IF(OR(NOT($AQ12),Log_Putaran!$C$31=""),"",$BL12*SUMPRODUCT($AL12:$AP12,Log_Putaran!$L$31:$P$31)) | BS12: =IF(OR(NOT($AQ12),Log_Putaran!$C$32=""),"",$BL12*SUMPRODUCT($AL12:$AP12,Log_Putaran!$L$32:$P$32)) | BT12: =IF(OR(NOT($AQ12),Log_Putaran!$C$33=""),"",$BL12*SUMPRODUCT($AL12:$AP12,Log_Putaran!$L$33:$P$33)) | BU12: =IF(OR(NOT($AQ12),Log_Putaran!$C$34=""),"",$BL12*SUMPRODUCT($AL12:$AP12,Log_Putaran!$L$34:$P$34)) | BV12: =IF(OR(NOT($AQ12),Log_Putaran!$C$35=""),"",$BL12*SUMPRODUCT($AL12:$AP12,Log_Putaran!$L$35:$P$35)) | BW12: =IF($AQ12,INDEX($AR12:$BV12,1,PutaranKini+1),"") | BX12: =IF($AQ12,INDEX($AR12:$BV12,1,MAX(PutaranKini,1)),"") | BY12: =IF($AQ12,BW12/Modal-1,"") | BZ12: =IF($AQ12,MAX(_DD!$B12:$AE12),"") | CA12: =IF($AQ12,BW12-ROW()/10000,-1E+99) -> -1e+99 | CB12: =IF($AQ12,SUMPRODUCT(--($CA$6:$CA$65>CA12))+1,"") | CC12: =IF($AQ12,BX12-ROW()/10000,-1E+99) -> -1e+99 | CD12: =IF($AQ12,SUMPRODUCT(--($CC$6:$CC$65>CC12))+1,"") | CE12: =IF($AQ12,CD12-CB12,"") | CF12: =IF(AND($AQ12,N(BZ12)<=BatasDD),BW12-ROW()/10000,-1E+99) -> -1e+99
A13: =Peserta!A13 -> P08 | B13: =IF($C13>0,INDEX(Input!$C:$C,$C13)&"",IF(Peserta!B13="",$A13,Peserta!B13)) -> P08 | C13: =SUMPRODUCT(MAX((_Bantu!$A$2:$A$2001=$A13)*ROW(_Bantu!$A$2:$A$2001))) -> 0 | D13: =SUMPRODUCT(MAX((_Bantu!$C$2:$C$2001=$A13&"|1")*ROW(_Bantu!$C$2:$C$2001))) -> 0 | E13: =IF($D13=0,"",INDEX(_Bantu!D:D,$D13)) | F13: =IF($D13=0,"",INDEX(_Bantu!E:E,$D13)) | G13: =IF($D13=0,"",INDEX(_Bantu!F:F,$D13)) | H13: =IF($D13=0,"",INDEX(_Bantu!G:G,$D13)) | I13: =IF($D13=0,"",INDEX(_Bantu!H:H,$D13)) | J13: =IF($D13=0,"",SUM(E13:I13)) | K13: =IF($D13=0,"Belum isi",IF(ABS(J13-1)>0.0001,"Total "&ROUND(J13*100,0)&"% (harus 100%)",IF(MAX(E13:I13)>BatasAset+0.0001,"Melebihi batas per aset",IF(MIN(E13:I13)<0,"Ada nilai negatif","OK")))) -> Belum isi | L13: =SUMPRODUCT(MAX((_Bantu!$C$2:$C$2001=$A13&"|2")*ROW(_Bantu!$C$2:$C$2001))) -> 0 | M13: =IF($L13=0,"",INDEX(_Bantu!D:D,$L13)) | N13: =IF($L13=0,"",INDEX(_Bantu!E:E,$L13)) | O13: =IF($L13=0,"",INDEX(_Bantu!F:F,$L13)) | P13: =IF($L13=0,"",INDEX(_Bantu!G:G,$L13)) | Q13: =IF($L13=0,"",INDEX(_Bantu!H:H,$L13)) | R13: =IF($L13=0,"",SUM(M13:Q13)) | S13: =IF($L13=0,"Belum isi",IF(ABS(R13-1)>0.0001,"Total "&ROUND(R13*100,0)&"% (harus 100%)",IF(MAX(M13:Q13)>BatasAset+0.0001,"Melebihi batas per aset",IF(MIN(M13:Q13)<0,"Ada nilai negatif","OK")))) -> Belum isi | T13: =SUMPRODUCT(MAX((_Bantu!$C$2:$C$2001=$A13&"|3")*ROW(_Bantu!$C$2:$C$2001))) -> 0 | U13: =IF($T13=0,"",INDEX(_Bantu!D:D,$T13)) | V13: =IF($T13=0,"",INDEX(_Bantu!E:E,$T13)) | W13: =IF($T13=0,"",INDEX(_Bantu!F:F,$T13)) | X13: =IF($T13=0,"",INDEX(_Bantu!G:G,$T13)) | Y13: =IF($T13=0,"",INDEX(_Bantu!H:H,$T13)) | Z13: =IF($T13=0,"",SUM(U13:Y13)) | AA13: =IF($T13=0,"Belum isi",IF(ABS(Z13-1)>0.0001,"Total "&ROUND(Z13*100,0)&"% (harus 100%)",IF(MAX(U13:Y13)>BatasAset+0.0001,"Melebihi batas per aset",IF(MIN(U13:Y13)<0,"Ada nilai negatif","OK")))) -> Belum isi | AB13: =IF($K13="OK",E13,0) -> 0 | AC13: =IF($K13="OK",F13,0) -> 0 | AD13: =IF($K13="OK",G13,0) -> 0 | AE13: =IF($K13="OK",H13,0) -> 0 | AF13: =IF($K13="OK",I13,0) -> 0 | AG13: =IF($S13="OK",M13,AB13) -> 0 | AH13: =IF($S13="OK",N13,AC13) -> 0 | AI13: =IF($S13="OK",O13,AD13) -> 0 | AJ13: =IF($S13="OK",P13,AE13) -> 0 | AK13: =IF($S13="OK",Q13,AF13) -> 0 | AL13: =IF($AA13="OK",U13,AG13) -> 0 | AM13: =IF($AA13="OK",V13,AH13) -> 0 | AN13: =IF($AA13="OK",W13,AI13) -> 0 | AO13: =IF($AA13="OK",X13,AJ13) -> 0 | AP13: =IF($AA13="OK",Y13,AK13) -> 0 | AQ13: =$K13="OK" -> FALSE | AR13: =IF($AQ13,Modal,"") | AS13: =IF(OR(NOT($AQ13),Log_Putaran!$C$6=""),"",$AR13*SUMPRODUCT($AB13:$AF13,Log_Putaran!$L$6:$P$6)) | AT13: =IF(OR(NOT($AQ13),Log_Putaran!$C$7=""),"",$AR13*SUMPRODUCT($AB13:$AF13,Log_Putaran!$L$7:$P$7)) | AU13: =IF(OR(NOT($AQ13),Log_Putaran!$C$8=""),"",$AR13*SUMPRODUCT($AB13:$AF13,Log_Putaran!$L$8:$P$8)) | AV13: =IF(OR(NOT($AQ13),Log_Putaran!$C$9=""),"",$AR13*SUMPRODUCT($AB13:$AF13,Log_Putaran!$L$9:$P$9)) | AW13: =IF(OR(NOT($AQ13),Log_Putaran!$C$10=""),"",$AR13*SUMPRODUCT($AB13:$AF13,Log_Putaran!$L$10:$P$10)) | AX13: =IF(OR(NOT($AQ13),Log_Putaran!$C$11=""),"",$AR13*SUMPRODUCT($AB13:$AF13,Log_Putaran!$L$11:$P$11)) | AY13: =IF(OR(NOT($AQ13),Log_Putaran!$C$12=""),"",$AR13*SUMPRODUCT($AB13:$AF13,Log_Putaran!$L$12:$P$12)) | AZ13: =IF(OR(NOT($AQ13),Log_Putaran!$C$13=""),"",$AR13*SUMPRODUCT($AB13:$AF13,Log_Putaran!$L$13:$P$13)) | BA13: =IF(OR(NOT($AQ13),Log_Putaran!$C$14=""),"",$AR13*SUMPRODUCT($AB13:$AF13,Log_Putaran!$L$14:$P$14)) | BB13: =IF(OR(NOT($AQ13),Log_Putaran!$C$15=""),"",$AR13*SUMPRODUCT($AB13:$AF13,Log_Putaran!$L$15:$P$15)) | BC13: =IF(OR(NOT($AQ13),Log_Putaran!$C$16=""),"",$BB13*SUMPRODUCT($AG13:$AK13,Log_Putaran!$L$16:$P$16)) | BD13: =IF(OR(NOT($AQ13),Log_Putaran!$C$17=""),"",$BB13*SUMPRODUCT($AG13:$AK13,Log_Putaran!$L$17:$P$17)) | BE13: =IF(OR(NOT($AQ13),Log_Putaran!$C$18=""),"",$BB13*SUMPRODUCT($AG13:$AK13,Log_Putaran!$L$18:$P$18)) | BF13: =IF(OR(NOT($AQ13),Log_Putaran!$C$19=""),"",$BB13*SUMPRODUCT($AG13:$AK13,Log_Putaran!$L$19:$P$19)) | BG13: =IF(OR(NOT($AQ13),Log_Putaran!$C$20=""),"",$BB13*SUMPRODUCT($AG13:$AK13,Log_Putaran!$L$20:$P$20)) | BH13: =IF(OR(NOT($AQ13),Log_Putaran!$C$21=""),"",$BB13*SUMPRODUCT($AG13:$AK13,Log_Putaran!$L$21:$P$21)) | BI13: =IF(OR(NOT($AQ13),Log_Putaran!$C$22=""),"",$BB13*SUMPRODUCT($AG13:$AK13,Log_Putaran!$L$22:$P$22)) | BJ13: =IF(OR(NOT($AQ13),Log_Putaran!$C$23=""),"",$BB13*SUMPRODUCT($AG13:$AK13,Log_Putaran!$L$23:$P$23)) | BK13: =IF(OR(NOT($AQ13),Log_Putaran!$C$24=""),"",$BB13*SUMPRODUCT($AG13:$AK13,Log_Putaran!$L$24:$P$24)) | BL13: =IF(OR(NOT($AQ13),Log_Putaran!$C$25=""),"",$BB13*SUMPRODUCT($AG13:$AK13,Log_Putaran!$L$25:$P$25)) | BM13: =IF(OR(NOT($AQ13),Log_Putaran!$C$26=""),"",$BL13*SUMPRODUCT($AL13:$AP13,Log_Putaran!$L$26:$P$26)) | BN13: =IF(OR(NOT($AQ13),Log_Putaran!$C$27=""),"",$BL13*SUMPRODUCT($AL13:$AP13,Log_Putaran!$L$27:$P$27)) | BO13: =IF(OR(NOT($AQ13),Log_Putaran!$C$28=""),"",$BL13*SUMPRODUCT($AL13:$AP13,Log_Putaran!$L$28:$P$28)) | BP13: =IF(OR(NOT($AQ13),Log_Putaran!$C$29=""),"",$BL13*SUMPRODUCT($AL13:$AP13,Log_Putaran!$L$29:$P$29)) | BQ13: =IF(OR(NOT($AQ13),Log_Putaran!$C$30=""),"",$BL13*SUMPRODUCT($AL13:$AP13,Log_Putaran!$L$30:$P$30)) | BR13: =IF(OR(NOT($AQ13),Log_Putaran!$C$31=""),"",$BL13*SUMPRODUCT($AL13:$AP13,Log_Putaran!$L$31:$P$31)) | BS13: =IF(OR(NOT($AQ13),Log_Putaran!$C$32=""),"",$BL13*SUMPRODUCT($AL13:$AP13,Log_Putaran!$L$32:$P$32)) | BT13: =IF(OR(NOT($AQ13),Log_Putaran!$C$33=""),"",$BL13*SUMPRODUCT($AL13:$AP13,Log_Putaran!$L$33:$P$33)) | BU13: =IF(OR(NOT($AQ13),Log_Putaran!$C$34=""),"",$BL13*SUMPRODUCT($AL13:$AP13,Log_Putaran!$L$34:$P$34)) | BV13: =IF(OR(NOT($AQ13),Log_Putaran!$C$35=""),"",$BL13*SUMPRODUCT($AL13:$AP13,Log_Putaran!$L$35:$P$35)) | BW13: =IF($AQ13,INDEX($AR13:$BV13,1,PutaranKini+1),"") | BX13: =IF($AQ13,INDEX($AR13:$BV13,1,MAX(PutaranKini,1)),"") | BY13: =IF($AQ13,BW13/Modal-1,"") | BZ13: =IF($AQ13,MAX(_DD!$B13:$AE13),"") | CA13: =IF($AQ13,BW13-ROW()/10000,-1E+99) -> -1e+99 | CB13: =IF($AQ13,SUMPRODUCT(--($CA$6:$CA$65>CA13))+1,"") | CC13: =IF($AQ13,BX13-ROW()/10000,-1E+99) -> -1e+99 | CD13: =IF($AQ13,SUMPRODUCT(--($CC$6:$CC$65>CC13))+1,"") | CE13: =IF($AQ13,CD13-CB13,"") | CF13: =IF(AND($AQ13,N(BZ13)<=BatasDD),BW13-ROW()/10000,-1E+99) -> -1e+99
A14: =Peserta!A14 -> P09 | B14: =IF($C14>0,INDEX(Input!$C:$C,$C14)&"",IF(Peserta!B14="",$A14,Peserta!B14)) -> P09 | C14: =SUMPRODUCT(MAX((_Bantu!$A$2:$A$2001=$A14)*ROW(_Bantu!$A$2:$A$2001))) -> 0 | D14: =SUMPRODUCT(MAX((_Bantu!$C$2:$C$2001=$A14&"|1")*ROW(_Bantu!$C$2:$C$2001))) -> 0 | E14: =IF($D14=0,"",INDEX(_Bantu!D:D,$D14)) | F14: =IF($D14=0,"",INDEX(_Bantu!E:E,$D14)) | G14: =IF($D14=0,"",INDEX(_Bantu!F:F,$D14)) | H14: =IF($D14=0,"",INDEX(_Bantu!G:G,$D14)) | I14: =IF($D14=0,"",INDEX(_Bantu!H:H,$D14)) | J14: =IF($D14=0,"",SUM(E14:I14)) | K14: =IF($D14=0,"Belum isi",IF(ABS(J14-1)>0.0001,"Total "&ROUND(J14*100,0)&"% (harus 100%)",IF(MAX(E14:I14)>BatasAset+0.0001,"Melebihi batas per aset",IF(MIN(E14:I14)<0,"Ada nilai negatif","OK")))) -> Belum isi | L14: =SUMPRODUCT(MAX((_Bantu!$C$2:$C$2001=$A14&"|2")*ROW(_Bantu!$C$2:$C$2001))) -> 0 | M14: =IF($L14=0,"",INDEX(_Bantu!D:D,$L14)) | N14: =IF($L14=0,"",INDEX(_Bantu!E:E,$L14)) | O14: =IF($L14=0,"",INDEX(_Bantu!F:F,$L14)) | P14: =IF($L14=0,"",INDEX(_Bantu!G:G,$L14)) | Q14: =IF($L14=0,"",INDEX(_Bantu!H:H,$L14)) | R14: =IF($L14=0,"",SUM(M14:Q14)) | S14: =IF($L14=0,"Belum isi",IF(ABS(R14-1)>0.0001,"Total "&ROUND(R14*100,0)&"% (harus 100%)",IF(MAX(M14:Q14)>BatasAset+0.0001,"Melebihi batas per aset",IF(MIN(M14:Q14)<0,"Ada nilai negatif","OK")))) -> Belum isi | T14: =SUMPRODUCT(MAX((_Bantu!$C$2:$C$2001=$A14&"|3")*ROW(_Bantu!$C$2:$C$2001))) -> 0 | U14: =IF($T14=0,"",INDEX(_Bantu!D:D,$T14)) | V14: =IF($T14=0,"",INDEX(_Bantu!E:E,$T14)) | W14: =IF($T14=0,"",INDEX(_Bantu!F:F,$T14)) | X14: =IF($T14=0,"",INDEX(_Bantu!G:G,$T14)) | Y14: =IF($T14=0,"",INDEX(_Bantu!H:H,$T14)) | Z14: =IF($T14=0,"",SUM(U14:Y14)) | AA14: =IF($T14=0,"Belum isi",IF(ABS(Z14-1)>0.0001,"Total "&ROUND(Z14*100,0)&"% (harus 100%)",IF(MAX(U14:Y14)>BatasAset+0.0001,"Melebihi batas per aset",IF(MIN(U14:Y14)<0,"Ada nilai negatif","OK")))) -> Belum isi | AB14: =IF($K14="OK",E14,0) -> 0 | AC14: =IF($K14="OK",F14,0) -> 0 | AD14: =IF($K14="OK",G14,0) -> 0 | AE14: =IF($K14="OK",H14,0) -> 0 | AF14: =IF($K14="OK",I14,0) -> 0 | AG14: =IF($S14="OK",M14,AB14) -> 0 | AH14: =IF($S14="OK",N14,AC14) -> 0 | AI14: =IF($S14="OK",O14,AD14) -> 0 | AJ14: =IF($S14="OK",P14,AE14) -> 0 | AK14: =IF($S14="OK",Q14,AF14) -> 0 | AL14: =IF($AA14="OK",U14,AG14) -> 0 | AM14: =IF($AA14="OK",V14,AH14) -> 0 | AN14: =IF($AA14="OK",W14,AI14) -> 0 | AO14: =IF($AA14="OK",X14,AJ14) -> 0 | AP14: =IF($AA14="OK",Y14,AK14) -> 0 | AQ14: =$K14="OK" -> FALSE | AR14: =IF($AQ14,Modal,"") | AS14: =IF(OR(NOT($AQ14),Log_Putaran!$C$6=""),"",$AR14*SUMPRODUCT($AB14:$AF14,Log_Putaran!$L$6:$P$6)) | AT14: =IF(OR(NOT($AQ14),Log_Putaran!$C$7=""),"",$AR14*SUMPRODUCT($AB14:$AF14,Log_Putaran!$L$7:$P$7)) | AU14: =IF(OR(NOT($AQ14),Log_Putaran!$C$8=""),"",$AR14*SUMPRODUCT($AB14:$AF14,Log_Putaran!$L$8:$P$8)) | AV14: =IF(OR(NOT($AQ14),Log_Putaran!$C$9=""),"",$AR14*SUMPRODUCT($AB14:$AF14,Log_Putaran!$L$9:$P$9)) | AW14: =IF(OR(NOT($AQ14),Log_Putaran!$C$10=""),"",$AR14*SUMPRODUCT($AB14:$AF14,Log_Putaran!$L$10:$P$10)) | AX14: =IF(OR(NOT($AQ14),Log_Putaran!$C$11=""),"",$AR14*SUMPRODUCT($AB14:$AF14,Log_Putaran!$L$11:$P$11)) | AY14: =IF(OR(NOT($AQ14),Log_Putaran!$C$12=""),"",$AR14*SUMPRODUCT($AB14:$AF14,Log_Putaran!$L$12:$P$12)) | AZ14: =IF(OR(NOT($AQ14),Log_Putaran!$C$13=""),"",$AR14*SUMPRODUCT($AB14:$AF14,Log_Putaran!$L$13:$P$13)) | BA14: =IF(OR(NOT($AQ14),Log_Putaran!$C$14=""),"",$AR14*SUMPRODUCT($AB14:$AF14,Log_Putaran!$L$14:$P$14)) | BB14: =IF(OR(NOT($AQ14),Log_Putaran!$C$15=""),"",$AR14*SUMPRODUCT($AB14:$AF14,Log_Putaran!$L$15:$P$15)) | BC14: =IF(OR(NOT($AQ14),Log_Putaran!$C$16=""),"",$BB14*SUMPRODUCT($AG14:$AK14,Log_Putaran!$L$16:$P$16)) | BD14: =IF(OR(NOT($AQ14),Log_Putaran!$C$17=""),"",$BB14*SUMPRODUCT($AG14:$AK14,Log_Putaran!$L$17:$P$17)) | BE14: =IF(OR(NOT($AQ14),Log_Putaran!$C$18=""),"",$BB14*SUMPRODUCT($AG14:$AK14,Log_Putaran!$L$18:$P$18)) | BF14: =IF(OR(NOT($AQ14),Log_Putaran!$C$19=""),"",$BB14*SUMPRODUCT($AG14:$AK14,Log_Putaran!$L$19:$P$19)) | BG14: =IF(OR(NOT($AQ14),Log_Putaran!$C$20=""),"",$BB14*SUMPRODUCT($AG14:$AK14,Log_Putaran!$L$20:$P$20)) | BH14: =IF(OR(NOT($AQ14),Log_Putaran!$C$21=""),"",$BB14*SUMPRODUCT($AG14:$AK14,Log_Putaran!$L$21:$P$21)) | BI14: =IF(OR(NOT($AQ14),Log_Putaran!$C$22=""),"",$BB14*SUMPRODUCT($AG14:$AK14,Log_Putaran!$L$22:$P$22)) | BJ14: =IF(OR(NOT($AQ14),Log_Putaran!$C$23=""),"",$BB14*SUMPRODUCT($AG14:$AK14,Log_Putaran!$L$23:$P$23)) | BK14: =IF(OR(NOT($AQ14),Log_Putaran!$C$24=""),"",$BB14*SUMPRODUCT($AG14:$AK14,Log_Putaran!$L$24:$P$24)) | BL14: =IF(OR(NOT($AQ14),Log_Putaran!$C$25=""),"",$BB14*SUMPRODUCT($AG14:$AK14,Log_Putaran!$L$25:$P$25)) | BM14: =IF(OR(NOT($AQ14),Log_Putaran!$C$26=""),"",$BL14*SUMPRODUCT($AL14:$AP14,Log_Putaran!$L$26:$P$26)) | BN14: =IF(OR(NOT($AQ14),Log_Putaran!$C$27=""),"",$BL14*SUMPRODUCT($AL14:$AP14,Log_Putaran!$L$27:$P$27)) | BO14: =IF(OR(NOT($AQ14),Log_Putaran!$C$28=""),"",$BL14*SUMPRODUCT($AL14:$AP14,Log_Putaran!$L$28:$P$28)) | BP14: =IF(OR(NOT($AQ14),Log_Putaran!$C$29=""),"",$BL14*SUMPRODUCT($AL14:$AP14,Log_Putaran!$L$29:$P$29)) | BQ14: =IF(OR(NOT($AQ14),Log_Putaran!$C$30=""),"",$BL14*SUMPRODUCT($AL14:$AP14,Log_Putaran!$L$30:$P$30)) | BR14: =IF(OR(NOT($AQ14),Log_Putaran!$C$31=""),"",$BL14*SUMPRODUCT($AL14:$AP14,Log_Putaran!$L$31:$P$31)) | BS14: =IF(OR(NOT($AQ14),Log_Putaran!$C$32=""),"",$BL14*SUMPRODUCT($AL14:$AP14,Log_Putaran!$L$32:$P$32)) | BT14: =IF(OR(NOT($AQ14),Log_Putaran!$C$33=""),"",$BL14*SUMPRODUCT($AL14:$AP14,Log_Putaran!$L$33:$P$33)) | BU14: =IF(OR(NOT($AQ14),Log_Putaran!$C$34=""),"",$BL14*SUMPRODUCT($AL14:$AP14,Log_Putaran!$L$34:$P$34)) | BV14: =IF(OR(NOT($AQ14),Log_Putaran!$C$35=""),"",$BL14*SUMPRODUCT($AL14:$AP14,Log_Putaran!$L$35:$P$35)) | BW14: =IF($AQ14,INDEX($AR14:$BV14,1,PutaranKini+1),"") | BX14: =IF($AQ14,INDEX($AR14:$BV14,1,MAX(PutaranKini,1)),"") | BY14: =IF($AQ14,BW14/Modal-1,"") | BZ14: =IF($AQ14,MAX(_DD!$B14:$AE14),"") | CA14: =IF($AQ14,BW14-ROW()/10000,-1E+99) -> -1e+99 | CB14: =IF($AQ14,SUMPRODUCT(--($CA$6:$CA$65>CA14))+1,"") | CC14: =IF($AQ14,BX14-ROW()/10000,-1E+99) -> -1e+99 | CD14: =IF($AQ14,SUMPRODUCT(--($CC$6:$CC$65>CC14))+1,"") | CE14: =IF($AQ14,CD14-CB14,"") | CF14: =IF(AND($AQ14,N(BZ14)<=BatasDD),BW14-ROW()/10000,-1E+99) -> -1e+99
A15: =Peserta!A15 -> P10 | B15: =IF($C15>0,INDEX(Input!$C:$C,$C15)&"",IF(Peserta!B15="",$A15,Peserta!B15)) -> P10 | C15: =SUMPRODUCT(MAX((_Bantu!$A$2:$A$2001=$A15)*ROW(_Bantu!$A$2:$A$2001))) -> 0 | D15: =SUMPRODUCT(MAX((_Bantu!$C$2:$C$2001=$A15&"|1")*ROW(_Bantu!$C$2:$C$2001))) -> 0 | E15: =IF($D15=0,"",INDEX(_Bantu!D:D,$D15)) | F15: =IF($D15=0,"",INDEX(_Bantu!E:E,$D15)) | G15: =IF($D15=0,"",INDEX(_Bantu!F:F,$D15)) | H15: =IF($D15=0,"",INDEX(_Bantu!G:G,$D15)) | I15: =IF($D15=0,"",INDEX(_Bantu!H:H,$D15)) | J15: =IF($D15=0,"",SUM(E15:I15)) | K15: =IF($D15=0,"Belum isi",IF(ABS(J15-1)>0.0001,"Total "&ROUND(J15*100,0)&"% (harus 100%)",IF(MAX(E15:I15)>BatasAset+0.0001,"Melebihi batas per aset",IF(MIN(E15:I15)<0,"Ada nilai negatif","OK")))) -> Belum isi | L15: =SUMPRODUCT(MAX((_Bantu!$C$2:$C$2001=$A15&"|2")*ROW(_Bantu!$C$2:$C$2001))) -> 0 | M15: =IF($L15=0,"",INDEX(_Bantu!D:D,$L15)) | N15: =IF($L15=0,"",INDEX(_Bantu!E:E,$L15)) | O15: =IF($L15=0,"",INDEX(_Bantu!F:F,$L15)) | P15: =IF($L15=0,"",INDEX(_Bantu!G:G,$L15)) | Q15: =IF($L15=0,"",INDEX(_Bantu!H:H,$L15)) | R15: =IF($L15=0,"",SUM(M15:Q15)) | S15: =IF($L15=0,"Belum isi",IF(ABS(R15-1)>0.0001,"Total "&ROUND(R15*100,0)&"% (harus 100%)",IF(MAX(M15:Q15)>BatasAset+0.0001,"Melebihi batas per aset",IF(MIN(M15:Q15)<0,"Ada nilai negatif","OK")))) -> Belum isi | T15: =SUMPRODUCT(MAX((_Bantu!$C$2:$C$2001=$A15&"|3")*ROW(_Bantu!$C$2:$C$2001))) -> 0 | U15: =IF($T15=0,"",INDEX(_Bantu!D:D,$T15)) | V15: =IF($T15=0,"",INDEX(_Bantu!E:E,$T15)) | W15: =IF($T15=0,"",INDEX(_Bantu!F:F,$T15)) | X15: =IF($T15=0,"",INDEX(_Bantu!G:G,$T15)) | Y15: =IF($T15=0,"",INDEX(_Bantu!H:H,$T15)) | Z15: =IF($T15=0,"",SUM(U15:Y15)) | AA15: =IF($T15=0,"Belum isi",IF(ABS(Z15-1)>0.0001,"Total "&ROUND(Z15*100,0)&"% (harus 100%)",IF(MAX(U15:Y15)>BatasAset+0.0001,"Melebihi batas per aset",IF(MIN(U15:Y15)<0,"Ada nilai negatif","OK")))) -> Belum isi | AB15: =IF($K15="OK",E15,0) -> 0 | AC15: =IF($K15="OK",F15,0) -> 0 | AD15: =IF($K15="OK",G15,0) -> 0 | AE15: =IF($K15="OK",H15,0) -> 0 | AF15: =IF($K15="OK",I15,0) -> 0 | AG15: =IF($S15="OK",M15,AB15) -> 0 | AH15: =IF($S15="OK",N15,AC15) -> 0 | AI15: =IF($S15="OK",O15,AD15) -> 0 | AJ15: =IF($S15="OK",P15,AE15) -> 0 | AK15: =IF($S15="OK",Q15,AF15) -> 0 | AL15: =IF($AA15="OK",U15,AG15) -> 0 | AM15: =IF($AA15="OK",V15,AH15) -> 0 | AN15: =IF($AA15="OK",W15,AI15) -> 0 | AO15: =IF($AA15="OK",X15,AJ15) -> 0 | AP15: =IF($AA15="OK",Y15,AK15) -> 0 | AQ15: =$K15="OK" -> FALSE | AR15: =IF($AQ15,Modal,"") | AS15: =IF(OR(NOT($AQ15),Log_Putaran!$C$6=""),"",$AR15*SUMPRODUCT($AB15:$AF15,Log_Putaran!$L$6:$P$6)) | AT15: =IF(OR(NOT($AQ15),Log_Putaran!$C$7=""),"",$AR15*SUMPRODUCT($AB15:$AF15,Log_Putaran!$L$7:$P$7)) | AU15: =IF(OR(NOT($AQ15),Log_Putaran!$C$8=""),"",$AR15*SUMPRODUCT($AB15:$AF15,Log_Putaran!$L$8:$P$8)) | AV15: =IF(OR(NOT($AQ15),Log_Putaran!$C$9=""),"",$AR15*SUMPRODUCT($AB15:$AF15,Log_Putaran!$L$9:$P$9)) | AW15: =IF(OR(NOT($AQ15),Log_Putaran!$C$10=""),"",$AR15*SUMPRODUCT($AB15:$AF15,Log_Putaran!$L$10:$P$10)) | AX15: =IF(OR(NOT($AQ15),Log_Putaran!$C$11=""),"",$AR15*SUMPRODUCT($AB15:$AF15,Log_Putaran!$L$11:$P$11)) | AY15: =IF(OR(NOT($AQ15),Log_Putaran!$C$12=""),"",$AR15*SUMPRODUCT($AB15:$AF15,Log_Putaran!$L$12:$P$12)) | AZ15: =IF(OR(NOT($AQ15),Log_Putaran!$C$13=""),"",$AR15*SUMPRODUCT($AB15:$AF15,Log_Putaran!$L$13:$P$13)) | BA15: =IF(OR(NOT($AQ15),Log_Putaran!$C$14=""),"",$AR15*SUMPRODUCT($AB15:$AF15,Log_Putaran!$L$14:$P$14)) | BB15: =IF(OR(NOT($AQ15),Log_Putaran!$C$15=""),"",$AR15*SUMPRODUCT($AB15:$AF15,Log_Putaran!$L$15:$P$15)) | BC15: =IF(OR(NOT($AQ15),Log_Putaran!$C$16=""),"",$BB15*SUMPRODUCT($AG15:$AK15,Log_Putaran!$L$16:$P$16)) | BD15: =IF(OR(NOT($AQ15),Log_Putaran!$C$17=""),"",$BB15*SUMPRODUCT($AG15:$AK15,Log_Putaran!$L$17:$P$17)) | BE15: =IF(OR(NOT($AQ15),Log_Putaran!$C$18=""),"",$BB15*SUMPRODUCT($AG15:$AK15,Log_Putaran!$L$18:$P$18)) | BF15: =IF(OR(NOT($AQ15),Log_Putaran!$C$19=""),"",$BB15*SUMPRODUCT($AG15:$AK15,Log_Putaran!$L$19:$P$19)) | BG15: =IF(OR(NOT($AQ15),Log_Putaran!$C$20=""),"",$BB15*SUMPRODUCT($AG15:$AK15,Log_Putaran!$L$20:$P$20)) | BH15: =IF(OR(NOT($AQ15),Log_Putaran!$C$21=""),"",$BB15*SUMPRODUCT($AG15:$AK15,Log_Putaran!$L$21:$P$21)) | BI15: =IF(OR(NOT($AQ15),Log_Putaran!$C$22=""),"",$BB15*SUMPRODUCT($AG15:$AK15,Log_Putaran!$L$22:$P$22)) | BJ15: =IF(OR(NOT($AQ15),Log_Putaran!$C$23=""),"",$BB15*SUMPRODUCT($AG15:$AK15,Log_Putaran!$L$23:$P$23)) | BK15: =IF(OR(NOT($AQ15),Log_Putaran!$C$24=""),"",$BB15*SUMPRODUCT($AG15:$AK15,Log_Putaran!$L$24:$P$24)) | BL15: =IF(OR(NOT($AQ15),Log_Putaran!$C$25=""),"",$BB15*SUMPRODUCT($AG15:$AK15,Log_Putaran!$L$25:$P$25)) | BM15: =IF(OR(NOT($AQ15),Log_Putaran!$C$26=""),"",$BL15*SUMPRODUCT($AL15:$AP15,Log_Putaran!$L$26:$P$26)) | BN15: =IF(OR(NOT($AQ15),Log_Putaran!$C$27=""),"",$BL15*SUMPRODUCT($AL15:$AP15,Log_Putaran!$L$27:$P$27)) | BO15: =IF(OR(NOT($AQ15),Log_Putaran!$C$28=""),"",$BL15*SUMPRODUCT($AL15:$AP15,Log_Putaran!$L$28:$P$28)) | BP15: =IF(OR(NOT($AQ15),Log_Putaran!$C$29=""),"",$BL15*SUMPRODUCT($AL15:$AP15,Log_Putaran!$L$29:$P$29)) | BQ15: =IF(OR(NOT($AQ15),Log_Putaran!$C$30=""),"",$BL15*SUMPRODUCT($AL15:$AP15,Log_Putaran!$L$30:$P$30)) | BR15: =IF(OR(NOT($AQ15),Log_Putaran!$C$31=""),"",$BL15*SUMPRODUCT($AL15:$AP15,Log_Putaran!$L$31:$P$31)) | BS15: =IF(OR(NOT($AQ15),Log_Putaran!$C$32=""),"",$BL15*SUMPRODUCT($AL15:$AP15,Log_Putaran!$L$32:$P$32)) | BT15: =IF(OR(NOT($AQ15),Log_Putaran!$C$33=""),"",$BL15*SUMPRODUCT($AL15:$AP15,Log_Putaran!$L$33:$P$33)) | BU15: =IF(OR(NOT($AQ15),Log_Putaran!$C$34=""),"",$BL15*SUMPRODUCT($AL15:$AP15,Log_Putaran!$L$34:$P$34)) | BV15: =IF(OR(NOT($AQ15),Log_Putaran!$C$35=""),"",$BL15*SUMPRODUCT($AL15:$AP15,Log_Putaran!$L$35:$P$35)) | BW15: =IF($AQ15,INDEX($AR15:$BV15,1,PutaranKini+1),"") | BX15: =IF($AQ15,INDEX($AR15:$BV15,1,MAX(PutaranKini,1)),"") | BY15: =IF($AQ15,BW15/Modal-1,"") | BZ15: =IF($AQ15,MAX(_DD!$B15:$AE15),"") | CA15: =IF($AQ15,BW15-ROW()/10000,-1E+99) -> -1e+99 | CB15: =IF($AQ15,SUMPRODUCT(--($CA$6:$CA$65>CA15))+1,"") | CC15: =IF($AQ15,BX15-ROW()/10000,-1E+99) -> -1e+99 | CD15: =IF($AQ15,SUMPRODUCT(--($CC$6:$CC$65>CC15))+1,"") | CE15: =IF($AQ15,CD15-CB15,"") | CF15: =IF(AND($AQ15,N(BZ15)<=BatasDD),BW15-ROW()/10000,-1E+99) -> -1e+99
A16: =Peserta!A16 -> P11 | B16: =IF($C16>0,INDEX(Input!$C:$C,$C16)&"",IF(Peserta!B16="",$A16,Peserta!B16)) -> P11 | C16: =SUMPRODUCT(MAX((_Bantu!$A$2:$A$2001=$A16)*ROW(_Bantu!$A$2:$A$2001))) -> 0 | D16: =SUMPRODUCT(MAX((_Bantu!$C$2:$C$2001=$A16&"|1")*ROW(_Bantu!$C$2:$C$2001))) -> 0 | E16: =IF($D16=0,"",INDEX(_Bantu!D:D,$D16)) | F16: =IF($D16=0,"",INDEX(_Bantu!E:E,$D16)) | G16: =IF($D16=0,"",INDEX(_Bantu!F:F,$D16)) | H16: =IF($D16=0,"",INDEX(_Bantu!G:G,$D16)) | I16: =IF($D16=0,"",INDEX(_Bantu!H:H,$D16)) | J16: =IF($D16=0,"",SUM(E16:I16)) | K16: =IF($D16=0,"Belum isi",IF(ABS(J16-1)>0.0001,"Total "&ROUND(J16*100,0)&"% (harus 100%)",IF(MAX(E16:I16)>BatasAset+0.0001,"Melebihi batas per aset",IF(MIN(E16:I16)<0,"Ada nilai negatif","OK")))) -> Belum isi | L16: =SUMPRODUCT(MAX((_Bantu!$C$2:$C$2001=$A16&"|2")*ROW(_Bantu!$C$2:$C$2001))) -> 0 | M16: =IF($L16=0,"",INDEX(_Bantu!D:D,$L16)) | N16: =IF($L16=0,"",INDEX(_Bantu!E:E,$L16)) | O16: =IF($L16=0,"",INDEX(_Bantu!F:F,$L16)) | P16: =IF($L16=0,"",INDEX(_Bantu!G:G,$L16)) | Q16: =IF($L16=0,"",INDEX(_Bantu!H:H,$L16)) | R16: =IF($L16=0,"",SUM(M16:Q16)) | S16: =IF($L16=0,"Belum isi",IF(ABS(R16-1)>0.0001,"Total "&ROUND(R16*100,0)&"% (harus 100%)",IF(MAX(M16:Q16)>BatasAset+0.0001,"Melebihi batas per aset",IF(MIN(M16:Q16)<0,"Ada nilai negatif","OK")))) -> Belum isi | T16: =SUMPRODUCT(MAX((_Bantu!$C$2:$C$2001=$A16&"|3")*ROW(_Bantu!$C$2:$C$2001))) -> 0 | U16: =IF($T16=0,"",INDEX(_Bantu!D:D,$T16)) | V16: =IF($T16=0,"",INDEX(_Bantu!E:E,$T16)) | W16: =IF($T16=0,"",INDEX(_Bantu!F:F,$T16)) | X16: =IF($T16=0,"",INDEX(_Bantu!G:G,$T16)) | Y16: =IF($T16=0,"",INDEX(_Bantu!H:H,$T16)) | Z16: =IF($T16=0,"",SUM(U16:Y16)) | AA16: =IF($T16=0,"Belum isi",IF(ABS(Z16-1)>0.0001,"Total "&ROUND(Z16*100,0)&"% (harus 100%)",IF(MAX(U16:Y16)>BatasAset+0.0001,"Melebihi batas per aset",IF(MIN(U16:Y16)<0,"Ada nilai negatif","OK")))) -> Belum isi | AB16: =IF($K16="OK",E16,0) -> 0 | AC16: =IF($K16="OK",F16,0) -> 0 | AD16: =IF($K16="OK",G16,0) -> 0 | AE16: =IF($K16="OK",H16,0) -> 0 | AF16: =IF($K16="OK",I16,0) -> 0 | AG16: =IF($S16="OK",M16,AB16) -> 0 | AH16: =IF($S16="OK",N16,AC16) -> 0 | AI16: =IF($S16="OK",O16,AD16) -> 0 | AJ16: =IF($S16="OK",P16,AE16) -> 0 | AK16: =IF($S16="OK",Q16,AF16) -> 0 | AL16: =IF($AA16="OK",U16,AG16) -> 0 | AM16: =IF($AA16="OK",V16,AH16) -> 0 | AN16: =IF($AA16="OK",W16,AI16) -> 0 | AO16: =IF($AA16="OK",X16,AJ16) -> 0 | AP16: =IF($AA16="OK",Y16,AK16) -> 0 | AQ16: =$K16="OK" -> FALSE | AR16: =IF($AQ16,Modal,"") | AS16: =IF(OR(NOT($AQ16),Log_Putaran!$C$6=""),"",$AR16*SUMPRODUCT($AB16:$AF16,Log_Putaran!$L$6:$P$6)) | AT16: =IF(OR(NOT($AQ16),Log_Putaran!$C$7=""),"",$AR16*SUMPRODUCT($AB16:$AF16,Log_Putaran!$L$7:$P$7)) | AU16: =IF(OR(NOT($AQ16),Log_Putaran!$C$8=""),"",$AR16*SUMPRODUCT($AB16:$AF16,Log_Putaran!$L$8:$P$8)) | AV16: =IF(OR(NOT($AQ16),Log_Putaran!$C$9=""),"",$AR16*SUMPRODUCT($AB16:$AF16,Log_Putaran!$L$9:$P$9)) | AW16: =IF(OR(NOT($AQ16),Log_Putaran!$C$10=""),"",$AR16*SUMPRODUCT($AB16:$AF16,Log_Putaran!$L$10:$P$10)) | AX16: =IF(OR(NOT($AQ16),Log_Putaran!$C$11=""),"",$AR16*SUMPRODUCT($AB16:$AF16,Log_Putaran!$L$11:$P$11)) | AY16: =IF(OR(NOT($AQ16),Log_Putaran!$C$12=""),"",$AR16*SUMPRODUCT($AB16:$AF16,Log_Putaran!$L$12:$P$12)) | AZ16: =IF(OR(NOT($AQ16),Log_Putaran!$C$13=""),"",$AR16*SUMPRODUCT($AB16:$AF16,Log_Putaran!$L$13:$P$13)) | BA16: =IF(OR(NOT($AQ16),Log_Putaran!$C$14=""),"",$AR16*SUMPRODUCT($AB16:$AF16,Log_Putaran!$L$14:$P$14)) | BB16: =IF(OR(NOT($AQ16),Log_Putaran!$C$15=""),"",$AR16*SUMPRODUCT($AB16:$AF16,Log_Putaran!$L$15:$P$15)) | BC16: =IF(OR(NOT($AQ16),Log_Putaran!$C$16=""),"",$BB16*SUMPRODUCT($AG16:$AK16,Log_Putaran!$L$16:$P$16)) | BD16: =IF(OR(NOT($AQ16),Log_Putaran!$C$17=""),"",$BB16*SUMPRODUCT($AG16:$AK16,Log_Putaran!$L$17:$P$17)) | BE16: =IF(OR(NOT($AQ16),Log_Putaran!$C$18=""),"",$BB16*SUMPRODUCT($AG16:$AK16,Log_Putaran!$L$18:$P$18)) | BF16: =IF(OR(NOT($AQ16),Log_Putaran!$C$19=""),"",$BB16*SUMPRODUCT($AG16:$AK16,Log_Putaran!$L$19:$P$19)) | BG16: =IF(OR(NOT($AQ16),Log_Putaran!$C$20=""),"",$BB16*SUMPRODUCT($AG16:$AK16,Log_Putaran!$L$20:$P$20)) | BH16: =IF(OR(NOT($AQ16),Log_Putaran!$C$21=""),"",$BB16*SUMPRODUCT($AG16:$AK16,Log_Putaran!$L$21:$P$21)) | BI16: =IF(OR(NOT($AQ16),Log_Putaran!$C$22=""),"",$BB16*SUMPRODUCT($AG16:$AK16,Log_Putaran!$L$22:$P$22)) | BJ16: =IF(OR(NOT($AQ16),Log_Putaran!$C$23=""),"",$BB16*SUMPRODUCT($AG16:$AK16,Log_Putaran!$L$23:$P$23)) | BK16: =IF(OR(NOT($AQ16),Log_Putaran!$C$24=""),"",$BB16*SUMPRODUCT($AG16:$AK16,Log_Putaran!$L$24:$P$24)) | BL16: =IF(OR(NOT($AQ16),Log_Putaran!$C$25=""),"",$BB16*SUMPRODUCT($AG16:$AK16,Log_Putaran!$L$25:$P$25)) | BM16: =IF(OR(NOT($AQ16),Log_Putaran!$C$26=""),"",$BL16*SUMPRODUCT($AL16:$AP16,Log_Putaran!$L$26:$P$26)) | BN16: =IF(OR(NOT($AQ16),Log_Putaran!$C$27=""),"",$BL16*SUMPRODUCT($AL16:$AP16,Log_Putaran!$L$27:$P$27)) | BO16: =IF(OR(NOT($AQ16),Log_Putaran!$C$28=""),"",$BL16*SUMPRODUCT($AL16:$AP16,Log_Putaran!$L$28:$P$28)) | BP16: =IF(OR(NOT($AQ16),Log_Putaran!$C$29=""),"",$BL16*SUMPRODUCT($AL16:$AP16,Log_Putaran!$L$29:$P$29)) | BQ16: =IF(OR(NOT($AQ16),Log_Putaran!$C$30=""),"",$BL16*SUMPRODUCT($AL16:$AP16,Log_Putaran!$L$30:$P$30)) | BR16: =IF(OR(NOT($AQ16),Log_Putaran!$C$31=""),"",$BL16*SUMPRODUCT($AL16:$AP16,Log_Putaran!$L$31:$P$31)) | BS16: =IF(OR(NOT($AQ16),Log_Putaran!$C$32=""),"",$BL16*SUMPRODUCT($AL16:$AP16,Log_Putaran!$L$32:$P$32)) | BT16: =IF(OR(NOT($AQ16),Log_Putaran!$C$33=""),"",$BL16*SUMPRODUCT($AL16:$AP16,Log_Putaran!$L$33:$P$33)) | BU16: =IF(OR(NOT($AQ16),Log_Putaran!$C$34=""),"",$BL16*SUMPRODUCT($AL16:$AP16,Log_Putaran!$L$34:$P$34)) | BV16: =IF(OR(NOT($AQ16),Log_Putaran!$C$35=""),"",$BL16*SUMPRODUCT($AL16:$AP16,Log_Putaran!$L$35:$P$35)) | BW16: =IF($AQ16,INDEX($AR16:$BV16,1,PutaranKini+1),"") | BX16: =IF($AQ16,INDEX($AR16:$BV16,1,MAX(PutaranKini,1)),"") | BY16: =IF($AQ16,BW16/Modal-1,"") | BZ16: =IF($AQ16,MAX(_DD!$B16:$AE16),"") | CA16: =IF($AQ16,BW16-ROW()/10000,-1E+99) -> -1e+99 | CB16: =IF($AQ16,SUMPRODUCT(--($CA$6:$CA$65>CA16))+1,"") | CC16: =IF($AQ16,BX16-ROW()/10000,-1E+99) -> -1e+99 | CD16: =IF($AQ16,SUMPRODUCT(--($CC$6:$CC$65>CC16))+1,"") | CE16: =IF($AQ16,CD16-CB16,"") | CF16: =IF(AND($AQ16,N(BZ16)<=BatasDD),BW16-ROW()/10000,-1E+99) -> -1e+99
A17: =Peserta!A17 -> P12 | B17: =IF($C17>0,INDEX(Input!$C:$C,$C17)&"",IF(Peserta!B17="",$A17,Peserta!B17)) -> P12 | C17: =SUMPRODUCT(MAX((_Bantu!$A$2:$A$2001=$A17)*ROW(_Bantu!$A$2:$A$2001))) -> 0 | D17: =SUMPRODUCT(MAX((_Bantu!$C$2:$C$2001=$A17&"|1")*ROW(_Bantu!$C$2:$C$2001))) -> 0 | E17: =IF($D17=0,"",INDEX(_Bantu!D:D,$D17)) | F17: =IF($D17=0,"",INDEX(_Bantu!E:E,$D17)) | G17: =IF($D17=0,"",INDEX(_Bantu!F:F,$D17)) | H17: =IF($D17=0,"",INDEX(_Bantu!G:G,$D17)) | I17: =IF($D17=0,"",INDEX(_Bantu!H:H,$D17)) | J17: =IF($D17=0,"",SUM(E17:I17)) | K17: =IF($D17=0,"Belum isi",IF(ABS(J17-1)>0.0001,"Total "&ROUND(J17*100,0)&"% (harus 100%)",IF(MAX(E17:I17)>BatasAset+0.0001,"Melebihi batas per aset",IF(MIN(E17:I17)<0,"Ada nilai negatif","OK")))) -> Belum isi | L17: =SUMPRODUCT(MAX((_Bantu!$C$2:$C$2001=$A17&"|2")*ROW(_Bantu!$C$2:$C$2001))) -> 0 | M17: =IF($L17=0,"",INDEX(_Bantu!D:D,$L17)) | N17: =IF($L17=0,"",INDEX(_Bantu!E:E,$L17)) | O17: =IF($L17=0,"",INDEX(_Bantu!F:F,$L17)) | P17: =IF($L17=0,"",INDEX(_Bantu!G:G,$L17)) | Q17: =IF($L17=0,"",INDEX(_Bantu!H:H,$L17)) | R17: =IF($L17=0,"",SUM(M17:Q17)) | S17: =IF($L17=0,"Belum isi",IF(ABS(R17-1)>0.0001,"Total "&ROUND(R17*100,0)&"% (harus 100%)",IF(MAX(M17:Q17)>BatasAset+0.0001,"Melebihi batas per aset",IF(MIN(M17:Q17)<0,"Ada nilai negatif","OK")))) -> Belum isi | T17: =SUMPRODUCT(MAX((_Bantu!$C$2:$C$2001=$A17&"|3")*ROW(_Bantu!$C$2:$C$2001))) -> 0 | U17: =IF($T17=0,"",INDEX(_Bantu!D:D,$T17)) | V17: =IF($T17=0,"",INDEX(_Bantu!E:E,$T17)) | W17: =IF($T17=0,"",INDEX(_Bantu!F:F,$T17)) | X17: =IF($T17=0,"",INDEX(_Bantu!G:G,$T17)) | Y17: =IF($T17=0,"",INDEX(_Bantu!H:H,$T17)) | Z17: =IF($T17=0,"",SUM(U17:Y17)) | AA17: =IF($T17=0,"Belum isi",IF(ABS(Z17-1)>0.0001,"Total "&ROUND(Z17*100,0)&"% (harus 100%)",IF(MAX(U17:Y17)>BatasAset+0.0001,"Melebihi batas per aset",IF(MIN(U17:Y17)<0,"Ada nilai negatif","OK")))) -> Belum isi | AB17: =IF($K17="OK",E17,0) -> 0 | AC17: =IF($K17="OK",F17,0) -> 0 | AD17: =IF($K17="OK",G17,0) -> 0 | AE17: =IF($K17="OK",H17,0) -> 0 | AF17: =IF($K17="OK",I17,0) -> 0 | AG17: =IF($S17="OK",M17,AB17) -> 0 | AH17: =IF($S17="OK",N17,AC17) -> 0 | AI17: =IF($S17="OK",O17,AD17) -> 0 | AJ17: =IF($S17="OK",P17,AE17) -> 0 | AK17: =IF($S17="OK",Q17,AF17) -> 0 | AL17: =IF($AA17="OK",U17,AG17) -> 0 | AM17: =IF($AA17="OK",V17,AH17) -> 0 | AN17: =IF($AA17="OK",W17,AI17) -> 0 | AO17: =IF($AA17="OK",X17,AJ17) -> 0 | AP17: =IF($AA17="OK",Y17,AK17) -> 0 | AQ17: =$K17="OK" -> FALSE | AR17: =IF($AQ17,Modal,"") | AS17: =IF(OR(NOT($AQ17),Log_Putaran!$C$6=""),"",$AR17*SUMPRODUCT($AB17:$AF17,Log_Putaran!$L$6:$P$6)) | AT17: =IF(OR(NOT($AQ17),Log_Putaran!$C$7=""),"",$AR17*SUMPRODUCT($AB17:$AF17,Log_Putaran!$L$7:$P$7)) | AU17: =IF(OR(NOT($AQ17),Log_Putaran!$C$8=""),"",$AR17*SUMPRODUCT($AB17:$AF17,Log_Putaran!$L$8:$P$8)) | AV17: =IF(OR(NOT($AQ17),Log_Putaran!$C$9=""),"",$AR17*SUMPRODUCT($AB17:$AF17,Log_Putaran!$L$9:$P$9)) | AW17: =IF(OR(NOT($AQ17),Log_Putaran!$C$10=""),"",$AR17*SUMPRODUCT($AB17:$AF17,Log_Putaran!$L$10:$P$10)) | AX17: =IF(OR(NOT($AQ17),Log_Putaran!$C$11=""),"",$AR17*SUMPRODUCT($AB17:$AF17,Log_Putaran!$L$11:$P$11)) | AY17: =IF(OR(NOT($AQ17),Log_Putaran!$C$12=""),"",$AR17*SUMPRODUCT($AB17:$AF17,Log_Putaran!$L$12:$P$12)) | AZ17: =IF(OR(NOT($AQ17),Log_Putaran!$C$13=""),"",$AR17*SUMPRODUCT($AB17:$AF17,Log_Putaran!$L$13:$P$13)) | BA17: =IF(OR(NOT($AQ17),Log_Putaran!$C$14=""),"",$AR17*SUMPRODUCT($AB17:$AF17,Log_Putaran!$L$14:$P$14)) | BB17: =IF(OR(NOT($AQ17),Log_Putaran!$C$15=""),"",$AR17*SUMPRODUCT($AB17:$AF17,Log_Putaran!$L$15:$P$15)) | BC17: =IF(OR(NOT($AQ17),Log_Putaran!$C$16=""),"",$BB17*SUMPRODUCT($AG17:$AK17,Log_Putaran!$L$16:$P$16)) | BD17: =IF(OR(NOT($AQ17),Log_Putaran!$C$17=""),"",$BB17*SUMPRODUCT($AG17:$AK17,Log_Putaran!$L$17:$P$17)) | BE17: =IF(OR(NOT($AQ17),Log_Putaran!$C$18=""),"",$BB17*SUMPRODUCT($AG17:$AK17,Log_Putaran!$L$18:$P$18)) | BF17: =IF(OR(NOT($AQ17),Log_Putaran!$C$19=""),"",$BB17*SUMPRODUCT($AG17:$AK17,Log_Putaran!$L$19:$P$19)) | BG17: =IF(OR(NOT($AQ17),Log_Putaran!$C$20=""),"",$BB17*SUMPRODUCT($AG17:$AK17,Log_Putaran!$L$20:$P$20)) | BH17: =IF(OR(NOT($AQ17),Log_Putaran!$C$21=""),"",$BB17*SUMPRODUCT($AG17:$AK17,Log_Putaran!$L$21:$P$21)) | BI17: =IF(OR(NOT($AQ17),Log_Putaran!$C$22=""),"",$BB17*SUMPRODUCT($AG17:$AK17,Log_Putaran!$L$22:$P$22)) | BJ17: =IF(OR(NOT($AQ17),Log_Putaran!$C$23=""),"",$BB17*SUMPRODUCT($AG17:$AK17,Log_Putaran!$L$23:$P$23)) | BK17: =IF(OR(NOT($AQ17),Log_Putaran!$C$24=""),"",$BB17*SUMPRODUCT($AG17:$AK17,Log_Putaran!$L$24:$P$24)) | BL17: =IF(OR(NOT($AQ17),Log_Putaran!$C$25=""),"",$BB17*SUMPRODUCT($AG17:$AK17,Log_Putaran!$L$25:$P$25)) | BM17: =IF(OR(NOT($AQ17),Log_Putaran!$C$26=""),"",$BL17*SUMPRODUCT($AL17:$AP17,Log_Putaran!$L$26:$P$26)) | BN17: =IF(OR(NOT($AQ17),Log_Putaran!$C$27=""),"",$BL17*SUMPRODUCT($AL17:$AP17,Log_Putaran!$L$27:$P$27)) | BO17: =IF(OR(NOT($AQ17),Log_Putaran!$C$28=""),"",$BL17*SUMPRODUCT($AL17:$AP17,Log_Putaran!$L$28:$P$28)) | BP17: =IF(OR(NOT($AQ17),Log_Putaran!$C$29=""),"",$BL17*SUMPRODUCT($AL17:$AP17,Log_Putaran!$L$29:$P$29)) | BQ17: =IF(OR(NOT($AQ17),Log_Putaran!$C$30=""),"",$BL17*SUMPRODUCT($AL17:$AP17,Log_Putaran!$L$30:$P$30)) | BR17: =IF(OR(NOT($AQ17),Log_Putaran!$C$31=""),"",$BL17*SUMPRODUCT($AL17:$AP17,Log_Putaran!$L$31:$P$31)) | BS17: =IF(OR(NOT($AQ17),Log_Putaran!$C$32=""),"",$BL17*SUMPRODUCT($AL17:$AP17,Log_Putaran!$L$32:$P$32)) | BT17: =IF(OR(NOT($AQ17),Log_Putaran!$C$33=""),"",$BL17*SUMPRODUCT($AL17:$AP17,Log_Putaran!$L$33:$P$33)) | BU17: =IF(OR(NOT($AQ17),Log_Putaran!$C$34=""),"",$BL17*SUMPRODUCT($AL17:$AP17,Log_Putaran!$L$34:$P$34)) | BV17: =IF(OR(NOT($AQ17),Log_Putaran!$C$35=""),"",$BL17*SUMPRODUCT($AL17:$AP17,Log_Putaran!$L$35:$P$35)) | BW17: =IF($AQ17,INDEX($AR17:$BV17,1,PutaranKini+1),"") | BX17: =IF($AQ17,INDEX($AR17:$BV17,1,MAX(PutaranKini,1)),"") | BY17: =IF($AQ17,BW17/Modal-1,"") | BZ17: =IF($AQ17,MAX(_DD!$B17:$AE17),"") | CA17: =IF($AQ17,BW17-ROW()/10000,-1E+99) -> -1e+99 | CB17: =IF($AQ17,SUMPRODUCT(--($CA$6:$CA$65>CA17))+1,"") | CC17: =IF($AQ17,BX17-ROW()/10000,-1E+99) -> -1e+99 | CD17: =IF($AQ17,SUMPRODUCT(--($CC$6:$CC$65>CC17))+1,"") | CE17: =IF($AQ17,CD17-CB17,"") | CF17: =IF(AND($AQ17,N(BZ17)<=BatasDD),BW17-ROW()/10000,-1E+99) -> -1e+99
... A65: =Peserta!A65 -> P60 | B65: =IF($C65>0,INDEX(Input!$C:$C,$C65)&"",IF(Peserta!B65="",$A65,Peserta!B65)) -> P60 | C65: =SUMPRODUCT(MAX((_Bantu!$A$2:$A$2001=$A65)*ROW(_Bantu!$A$2:$A$2001))) -> 0 | D65: =SUMPRODUCT(MAX((_Bantu!$C$2:$C$2001=$A65&"|1")*ROW(_Bantu!$C$2:$C$2001))) -> 0 | E65: =IF($D65=0,"",INDEX(_Bantu!D:D,$D65)) | F65: =IF($D65=0,"",INDEX(_Bantu!E:E,$D65)) | G65: =IF($D65=0,"",INDEX(_Bantu!F:F,$D65)) | H65: =IF($D65=0,"",INDEX(_Bantu!G:G,$D65)) | I65: =IF($D65=0,"",INDEX(_Bantu!H:H,$D65)) | J65: =IF($D65=0,"",SUM(E65:I65)) | K65: =IF($D65=0,"Belum isi",IF(ABS(J65-1)>0.0001,"Total "&ROUND(J65*100,0)&"% (harus 100%)",IF(MAX(E65:I65)>BatasAset+0.0001,"Melebihi batas per aset",IF(MIN(E65:I65)<0,"Ada nilai negatif","OK")))) -> Belum isi | L65: =SUMPRODUCT(MAX((_Bantu!$C$2:$C$2001=$A65&"|2")*ROW(_Bantu!$C$2:$C$2001))) -> 0 | M65: =IF($L65=0,"",INDEX(_Bantu!D:D,$L65)) | N65: =IF($L65=0,"",INDEX(_Bantu!E:E,$L65)) | O65: =IF($L65=0,"",INDEX(_Bantu!F:F,$L65)) | P65: =IF($L65=0,"",INDEX(_Bantu!G:G,$L65)) | Q65: =IF($L65=0,"",INDEX(_Bantu!H:H,$L65)) | R65: =IF($L65=0,"",SUM(M65:Q65)) | S65: =IF($L65=0,"Belum isi",IF(ABS(R65-1)>0.0001,"Total "&ROUND(R65*100,0)&"% (harus 100%)",IF(MAX(M65:Q65)>BatasAset+0.0001,"Melebihi batas per aset",IF(MIN(M65:Q65)<0,"Ada nilai negatif","OK")))) -> Belum isi | T65: =SUMPRODUCT(MAX((_Bantu!$C$2:$C$2001=$A65&"|3")*ROW(_Bantu!$C$2:$C$2001))) -> 0 | U65: =IF($T65=0,"",INDEX(_Bantu!D:D,$T65)) | V65: =IF($T65=0,"",INDEX(_Bantu!E:E,$T65)) | W65: =IF($T65=0,"",INDEX(_Bantu!F:F,$T65)) | X65: =IF($T65=0,"",INDEX(_Bantu!G:G,$T65)) | Y65: =IF($T65=0,"",INDEX(_Bantu!H:H,$T65)) | Z65: =IF($T65=0,"",SUM(U65:Y65)) | AA65: =IF($T65=0,"Belum isi",IF(ABS(Z65-1)>0.0001,"Total "&ROUND(Z65*100,0)&"% (harus 100%)",IF(MAX(U65:Y65)>BatasAset+0.0001,"Melebihi batas per aset",IF(MIN(U65:Y65)<0,"Ada nilai negatif","OK")))) -> Belum isi | AB65: =IF($K65="OK",E65,0) -> 0 | AC65: =IF($K65="OK",F65,0) -> 0 | AD65: =IF($K65="OK",G65,0) -> 0 | AE65: =IF($K65="OK",H65,0) -> 0 | AF65: =IF($K65="OK",I65,0) -> 0 | AG65: =IF($S65="OK",M65,AB65) -> 0 | AH65: =IF($S65="OK",N65,AC65) -> 0 | AI65: =IF($S65="OK",O65,AD65) -> 0 | AJ65: =IF($S65="OK",P65,AE65) -> 0 | AK65: =IF($S65="OK",Q65,AF65) -> 0 | AL65: =IF($AA65="OK",U65,AG65) -> 0 | AM65: =IF($AA65="OK",V65,AH65) -> 0 | AN65: =IF($AA65="OK",W65,AI65) -> 0 | AO65: =IF($AA65="OK",X65,AJ65) -> 0 | AP65: =IF($AA65="OK",Y65,AK65) -> 0 | AQ65: =$K65="OK" -> FALSE | AR65: =IF($AQ65,Modal,"") | AS65: =IF(OR(NOT($AQ65),Log_Putaran!$C$6=""),"",$AR65*SUMPRODUCT($AB65:$AF65,Log_Putaran!$L$6:$P$6)) | AT65: =IF(OR(NOT($AQ65),Log_Putaran!$C$7=""),"",$AR65*SUMPRODUCT($AB65:$AF65,Log_Putaran!$L$7:$P$7)) | AU65: =IF(OR(NOT($AQ65),Log_Putaran!$C$8=""),"",$AR65*SUMPRODUCT($AB65:$AF65,Log_Putaran!$L$8:$P$8)) | AV65: =IF(OR(NOT($AQ65),Log_Putaran!$C$9=""),"",$AR65*SUMPRODUCT($AB65:$AF65,Log_Putaran!$L$9:$P$9)) | AW65: =IF(OR(NOT($AQ65),Log_Putaran!$C$10=""),"",$AR65*SUMPRODUCT($AB65:$AF65,Log_Putaran!$L$10:$P$10)) | AX65: =IF(OR(NOT($AQ65),Log_Putaran!$C$11=""),"",$AR65*SUMPRODUCT($AB65:$AF65,Log_Putaran!$L$11:$P$11)) | AY65: =IF(OR(NOT($AQ65),Log_Putaran!$C$12=""),"",$AR65*SUMPRODUCT($AB65:$AF65,Log_Putaran!$L$12:$P$12)) | AZ65: =IF(OR(NOT($AQ65),Log_Putaran!$C$13=""),"",$AR65*SUMPRODUCT($AB65:$AF65,Log_Putaran!$L$13:$P$13)) | BA65: =IF(OR(NOT($AQ65),Log_Putaran!$C$14=""),"",$AR65*SUMPRODUCT($AB65:$AF65,Log_Putaran!$L$14:$P$14)) | BB65: =IF(OR(NOT($AQ65),Log_Putaran!$C$15=""),"",$AR65*SUMPRODUCT($AB65:$AF65,Log_Putaran!$L$15:$P$15)) | BC65: =IF(OR(NOT($AQ65),Log_Putaran!$C$16=""),"",$BB65*SUMPRODUCT($AG65:$AK65,Log_Putaran!$L$16:$P$16)) | BD65: =IF(OR(NOT($AQ65),Log_Putaran!$C$17=""),"",$BB65*SUMPRODUCT($AG65:$AK65,Log_Putaran!$L$17:$P$17)) | BE65: =IF(OR(NOT($AQ65),Log_Putaran!$C$18=""),"",$BB65*SUMPRODUCT($AG65:$AK65,Log_Putaran!$L$18:$P$18)) | BF65: =IF(OR(NOT($AQ65),Log_Putaran!$C$19=""),"",$BB65*SUMPRODUCT($AG65:$AK65,Log_Putaran!$L$19:$P$19)) | BG65: =IF(OR(NOT($AQ65),Log_Putaran!$C$20=""),"",$BB65*SUMPRODUCT($AG65:$AK65,Log_Putaran!$L$20:$P$20)) | BH65: =IF(OR(NOT($AQ65),Log_Putaran!$C$21=""),"",$BB65*SUMPRODUCT($AG65:$AK65,Log_Putaran!$L$21:$P$21)) | BI65: =IF(OR(NOT($AQ65),Log_Putaran!$C$22=""),"",$BB65*SUMPRODUCT($AG65:$AK65,Log_Putaran!$L$22:$P$22)) | BJ65: =IF(OR(NOT($AQ65),Log_Putaran!$C$23=""),"",$BB65*SUMPRODUCT($AG65:$AK65,Log_Putaran!$L$23:$P$23)) | BK65: =IF(OR(NOT($AQ65),Log_Putaran!$C$24=""),"",$BB65*SUMPRODUCT($AG65:$AK65,Log_Putaran!$L$24:$P$24)) | BL65: =IF(OR(NOT($AQ65),Log_Putaran!$C$25=""),"",$BB65*SUMPRODUCT($AG65:$AK65,Log_Putaran!$L$25:$P$25)) | BM65: =IF(OR(NOT($AQ65),Log_Putaran!$C$26=""),"",$BL65*SUMPRODUCT($AL65:$AP65,Log_Putaran!$L$26:$P$26)) | BN65: =IF(OR(NOT($AQ65),Log_Putaran!$C$27=""),"",$BL65*SUMPRODUCT($AL65:$AP65,Log_Putaran!$L$27:$P$27)) | BO65: =IF(OR(NOT($AQ65),Log_Putaran!$C$28=""),"",$BL65*SUMPRODUCT($AL65:$AP65,Log_Putaran!$L$28:$P$28)) | BP65: =IF(OR(NOT($AQ65),Log_Putaran!$C$29=""),"",$BL65*SUMPRODUCT($AL65:$AP65,Log_Putaran!$L$29:$P$29)) | BQ65: =IF(OR(NOT($AQ65),Log_Putaran!$C$30=""),"",$BL65*SUMPRODUCT($AL65:$AP65,Log_Putaran!$L$30:$P$30)) | BR65: =IF(OR(NOT($AQ65),Log_Putaran!$C$31=""),"",$BL65*SUMPRODUCT($AL65:$AP65,Log_Putaran!$L$31:$P$31)) | BS65: =IF(OR(NOT($AQ65),Log_Putaran!$C$32=""),"",$BL65*SUMPRODUCT($AL65:$AP65,Log_Putaran!$L$32:$P$32)) | BT65: =IF(OR(NOT($AQ65),Log_Putaran!$C$33=""),"",$BL65*SUMPRODUCT($AL65:$AP65,Log_Putaran!$L$33:$P$33)) | BU65: =IF(OR(NOT($AQ65),Log_Putaran!$C$34=""),"",$BL65*SUMPRODUCT($AL65:$AP65,Log_Putaran!$L$34:$P$34)) | BV65: =IF(OR(NOT($AQ65),Log_Putaran!$C$35=""),"",$BL65*SUMPRODUCT($AL65:$AP65,Log_Putaran!$L$35:$P$35)) | BW65: =IF($AQ65,INDEX($AR65:$BV65,1,PutaranKini+1),"") | BX65: =IF($AQ65,INDEX($AR65:$BV65,1,MAX(PutaranKini,1)),"") | BY65: =IF($AQ65,BW65/Modal-1,"") | BZ65: =IF($AQ65,MAX(_DD!$B65:$AE65),"") | CA65: =IF($AQ65,BW65-ROW()/10000,-1E+99) -> -1e+99 | CB65: =IF($AQ65,SUMPRODUCT(--($CA$6:$CA$65>CA65))+1,"") | CC65: =IF($AQ65,BX65-ROW()/10000,-1E+99) -> -1e+99 | CD65: =IF($AQ65,SUMPRODUCT(--($CC$6:$CC$65>CC65))+1,"") | CE65: =IF($AQ65,CD65-CB65,"") | CF65: =IF(AND($AQ65,N(BZ65)<=BatasDD),BW65-ROW()/10000,-1E+99) -> -1e+99

Sheet Data_Grafik
B2: Data Grafik & Peringkat
B3: Dipakai oleh Dashboard. Tidak perlu diubah. | C3: Sel #N/A di tabel ini disengaja: menandai putaran yang belum dimainkan agar garis grafik berhenti (tidak jatuh ke nol).
A5: Rank | B5: Nama | C5: Awal | D5: K1 | E5: K2 | F5: K3 | G5: K4 | H5: K5 | I5: K6 | J5: K7 | K5: K8 | L5: K9 | M5: K10 | N5: K11 | O5: K12 | P5: K13 | Q5: K14 | R5: K15 | S5: K16 | T5: K17 | U5: K18 | V5: K19 | W5: K20 | X5: K21 | Y5: K22 | Z5: K23 | AA5: K24 | AB5: K25 | AC5: K26 | AD5: K27 | AE5: K28 | AF5: K29 | AG5: K30 | AH5: Skor | AI5: Baris
A6: 1 | B6: =IF(AI6="","",INDEX(Perhitungan!$B$6:$B$65,AI6)) | C6: =IF($AI6="",NA(),IF(INDEX(Perhitungan!$AR$6:$AR$65,$AI6)="",NA(),INDEX(Perhitungan!$AR$6:$AR$65,$AI6))) -> 100000000 | D6: =IF($AI6="",NA(),IF(INDEX(Perhitungan!$AS$6:$AS$65,$AI6)="",NA(),INDEX(Perhitungan!$AS$6:$AS$65,$AI6))) -> 1.00605e+08 | E6: =IF($AI6="",NA(),IF(INDEX(Perhitungan!$AT$6:$AT$65,$AI6)="",NA(),INDEX(Perhitungan!$AT$6:$AT$65,$AI6))) -> 1.0105294e+08 | F6: =IF($AI6="",NA(),IF(INDEX(Perhitungan!$AU$6:$AU$65,$AI6)="",NA(),INDEX(Perhitungan!$AU$6:$AU$65,$AI6))) -> #N/A | G6: =IF($AI6="",NA(),IF(INDEX(Perhitungan!$AV$6:$AV$65,$AI6)="",NA(),INDEX(Perhitungan!$AV$6:$AV$65,$AI6))) -> #N/A | H6: =IF($AI6="",NA(),IF(INDEX(Perhitungan!$AW$6:$AW$65,$AI6)="",NA(),INDEX(Perhitungan!$AW$6:$AW$65,$AI6))) -> #N/A | I6: =IF($AI6="",NA(),IF(INDEX(Perhitungan!$AX$6:$AX$65,$AI6)="",NA(),INDEX(Perhitungan!$AX$6:$AX$65,$AI6))) -> #N/A | J6: =IF($AI6="",NA(),IF(INDEX(Perhitungan!$AY$6:$AY$65,$AI6)="",NA(),INDEX(Perhitungan!$AY$6:$AY$65,$AI6))) -> #N/A | K6: =IF($AI6="",NA(),IF(INDEX(Perhitungan!$AZ$6:$AZ$65,$AI6)="",NA(),INDEX(Perhitungan!$AZ$6:$AZ$65,$AI6))) -> #N/A | L6: =IF($AI6="",NA(),IF(INDEX(Perhitungan!$BA$6:$BA$65,$AI6)="",NA(),INDEX(Perhitungan!$BA$6:$BA$65,$AI6))) -> #N/A | M6: =IF($AI6="",NA(),IF(INDEX(Perhitungan!$BB$6:$BB$65,$AI6)="",NA(),INDEX(Perhitungan!$BB$6:$BB$65,$AI6))) -> #N/A | N6: =IF($AI6="",NA(),IF(INDEX(Perhitungan!$BC$6:$BC$65,$AI6)="",NA(),INDEX(Perhitungan!$BC$6:$BC$65,$AI6))) -> #N/A | O6: =IF($AI6="",NA(),IF(INDEX(Perhitungan!$BD$6:$BD$65,$AI6)="",NA(),INDEX(Perhitungan!$BD$6:$BD$65,$AI6))) -> #N/A | P6: =IF($AI6="",NA(),IF(INDEX(Perhitungan!$BE$6:$BE$65,$AI6)="",NA(),INDEX(Perhitungan!$BE$6:$BE$65,$AI6))) -> #N/A | Q6: =IF($AI6="",NA(),IF(INDEX(Perhitungan!$BF$6:$BF$65,$AI6)="",NA(),INDEX(Perhitungan!$BF$6:$BF$65,$AI6))) -> #N/A | R6: =IF($AI6="",NA(),IF(INDEX(Perhitungan!$BG$6:$BG$65,$AI6)="",NA(),INDEX(Perhitungan!$BG$6:$BG$65,$AI6))) -> #N/A | S6: =IF($AI6="",NA(),IF(INDEX(Perhitungan!$BH$6:$BH$65,$AI6)="",NA(),INDEX(Perhitungan!$BH$6:$BH$65,$AI6))) -> #N/A | T6: =IF($AI6="",NA(),IF(INDEX(Perhitungan!$BI$6:$BI$65,$AI6)="",NA(),INDEX(Perhitungan!$BI$6:$BI$65,$AI6))) -> #N/A | U6: =IF($AI6="",NA(),IF(INDEX(Perhitungan!$BJ$6:$BJ$65,$AI6)="",NA(),INDEX(Perhitungan!$BJ$6:$BJ$65,$AI6))) -> #N/A | V6: =IF($AI6="",NA(),IF(INDEX(Perhitungan!$BK$6:$BK$65,$AI6)="",NA(),INDEX(Perhitungan!$BK$6:$BK$65,$AI6))) -> #N/A | W6: =IF($AI6="",NA(),IF(INDEX(Perhitungan!$BL$6:$BL$65,$AI6)="",NA(),INDEX(Perhitungan!$BL$6:$BL$65,$AI6))) -> #N/A | X6: =IF($AI6="",NA(),IF(INDEX(Perhitungan!$BM$6:$BM$65,$AI6)="",NA(),INDEX(Perhitungan!$BM$6:$BM$65,$AI6))) -> #N/A | Y6: =IF($AI6="",NA(),IF(INDEX(Perhitungan!$BN$6:$BN$65,$AI6)="",NA(),INDEX(Perhitungan!$BN$6:$BN$65,$AI6))) -> #N/A | Z6: =IF($AI6="",NA(),IF(INDEX(Perhitungan!$BO$6:$BO$65,$AI6)="",NA(),INDEX(Perhitungan!$BO$6:$BO$65,$AI6))) -> #N/A | AA6: =IF($AI6="",NA(),IF(INDEX(Perhitungan!$BP$6:$BP$65,$AI6)="",NA(),INDEX(Perhitungan!$BP$6:$BP$65,$AI6))) -> #N/A | AB6: =IF($AI6="",NA(),IF(INDEX(Perhitungan!$BQ$6:$BQ$65,$AI6)="",NA(),INDEX(Perhitungan!$BQ$6:$BQ$65,$AI6))) -> #N/A | AC6: =IF($AI6="",NA(),IF(INDEX(Perhitungan!$BR$6:$BR$65,$AI6)="",NA(),INDEX(Perhitungan!$BR$6:$BR$65,$AI6))) -> #N/A | AD6: =IF($AI6="",NA(),IF(INDEX(Perhitungan!$BS$6:$BS$65,$AI6)="",NA(),INDEX(Perhitungan!$BS$6:$BS$65,$AI6))) -> #N/A | AE6: =IF($AI6="",NA(),IF(INDEX(Perhitungan!$BT$6:$BT$65,$AI6)="",NA(),INDEX(Perhitungan!$BT$6:$BT$65,$AI6))) -> #N/A | AF6: =IF($AI6="",NA(),IF(INDEX(Perhitungan!$BU$6:$BU$65,$AI6)="",NA(),INDEX(Perhitungan!$BU$6:$BU$65,$AI6))) -> #N/A | AG6: =IF($AI6="",NA(),IF(INDEX(Perhitungan!$BV$6:$BV$65,$AI6)="",NA(),INDEX(Perhitungan!$BV$6:$BV$65,$AI6))) -> #N/A | AH6: =LARGE(Perhitungan!$CA$6:$CA$65,A6) -> 1.0105294e+08 | AI6: =IF(AH6<-1E+98,"",MATCH(AH6,Perhitungan!$CA$6:$CA$65,0)) -> 1
A7: 2 | B7: =IF(AI7="","",INDEX(Perhitungan!$B$6:$B$65,AI7)) -> pandu | C7: =IF($AI7="",NA(),IF(INDEX(Perhitungan!$AR$6:$AR$65,$AI7)="",NA(),INDEX(Perhitungan!$AR$6:$AR$65,$AI7))) -> 100000000 | D7: =IF($AI7="",NA(),IF(INDEX(Perhitungan!$AS$6:$AS$65,$AI7)="",NA(),INDEX(Perhitungan!$AS$6:$AS$65,$AI7))) -> 100000000 | E7: =IF($AI7="",NA(),IF(INDEX(Perhitungan!$AT$6:$AT$65,$AI7)="",NA(),INDEX(Perhitungan!$AT$6:$AT$65,$AI7))) -> 99748175 | F7: =IF($AI7="",NA(),IF(INDEX(Perhitungan!$AU$6:$AU$65,$AI7)="",NA(),INDEX(Perhitungan!$AU$6:$AU$65,$AI7))) -> #N/A | G7: =IF($AI7="",NA(),IF(INDEX(Perhitungan!$AV$6:$AV$65,$AI7)="",NA(),INDEX(Perhitungan!$AV$6:$AV$65,$AI7))) -> #N/A | H7: =IF($AI7="",NA(),IF(INDEX(Perhitungan!$AW$6:$AW$65,$AI7)="",NA(),INDEX(Perhitungan!$AW$6:$AW$65,$AI7))) -> #N/A | I7: =IF($AI7="",NA(),IF(INDEX(Perhitungan!$AX$6:$AX$65,$AI7)="",NA(),INDEX(Perhitungan!$AX$6:$AX$65,$AI7))) -> #N/A | J7: =IF($AI7="",NA(),IF(INDEX(Perhitungan!$AY$6:$AY$65,$AI7)="",NA(),INDEX(Perhitungan!$AY$6:$AY$65,$AI7))) -> #N/A | K7: =IF($AI7="",NA(),IF(INDEX(Perhitungan!$AZ$6:$AZ$65,$AI7)="",NA(),INDEX(Perhitungan!$AZ$6:$AZ$65,$AI7))) -> #N/A | L7: =IF($AI7="",NA(),IF(INDEX(Perhitungan!$BA$6:$BA$65,$AI7)="",NA(),INDEX(Perhitungan!$BA$6:$BA$65,$AI7))) -> #N/A | M7: =IF($AI7="",NA(),IF(INDEX(Perhitungan!$BB$6:$BB$65,$AI7)="",NA(),INDEX(Perhitungan!$BB$6:$BB$65,$AI7))) -> #N/A | N7: =IF($AI7="",NA(),IF(INDEX(Perhitungan!$BC$6:$BC$65,$AI7)="",NA(),INDEX(Perhitungan!$BC$6:$BC$65,$AI7))) -> #N/A | O7: =IF($AI7="",NA(),IF(INDEX(Perhitungan!$BD$6:$BD$65,$AI7)="",NA(),INDEX(Perhitungan!$BD$6:$BD$65,$AI7))) -> #N/A | P7: =IF($AI7="",NA(),IF(INDEX(Perhitungan!$BE$6:$BE$65,$AI7)="",NA(),INDEX(Perhitungan!$BE$6:$BE$65,$AI7))) -> #N/A | Q7: =IF($AI7="",NA(),IF(INDEX(Perhitungan!$BF$6:$BF$65,$AI7)="",NA(),INDEX(Perhitungan!$BF$6:$BF$65,$AI7))) -> #N/A | R7: =IF($AI7="",NA(),IF(INDEX(Perhitungan!$BG$6:$BG$65,$AI7)="",NA(),INDEX(Perhitungan!$BG$6:$BG$65,$AI7))) -> #N/A | S7: =IF($AI7="",NA(),IF(INDEX(Perhitungan!$BH$6:$BH$65,$AI7)="",NA(),INDEX(Perhitungan!$BH$6:$BH$65,$AI7))) -> #N/A | T7: =IF($AI7="",NA(),IF(INDEX(Perhitungan!$BI$6:$BI$65,$AI7)="",NA(),INDEX(Perhitungan!$BI$6:$BI$65,$AI7))) -> #N/A | U7: =IF($AI7="",NA(),IF(INDEX(Perhitungan!$BJ$6:$BJ$65,$AI7)="",NA(),INDEX(Perhitungan!$BJ$6:$BJ$65,$AI7))) -> #N/A | V7: =IF($AI7="",NA(),IF(INDEX(Perhitungan!$BK$6:$BK$65,$AI7)="",NA(),INDEX(Perhitungan!$BK$6:$BK$65,$AI7))) -> #N/A | W7: =IF($AI7="",NA(),IF(INDEX(Perhitungan!$BL$6:$BL$65,$AI7)="",NA(),INDEX(Perhitungan!$BL$6:$BL$65,$AI7))) -> #N/A | X7: =IF($AI7="",NA(),IF(INDEX(Perhitungan!$BM$6:$BM$65,$AI7)="",NA(),INDEX(Perhitungan!$BM$6:$BM$65,$AI7))) -> #N/A | Y7: =IF($AI7="",NA(),IF(INDEX(Perhitungan!$BN$6:$BN$65,$AI7)="",NA(),INDEX(Perhitungan!$BN$6:$BN$65,$AI7))) -> #N/A | Z7: =IF($AI7="",NA(),IF(INDEX(Perhitungan!$BO$6:$BO$65,$AI7)="",NA(),INDEX(Perhitungan!$BO$6:$BO$65,$AI7))) -> #N/A | AA7: =IF($AI7="",NA(),IF(INDEX(Perhitungan!$BP$6:$BP$65,$AI7)="",NA(),INDEX(Perhitungan!$BP$6:$BP$65,$AI7))) -> #N/A | AB7: =IF($AI7="",NA(),IF(INDEX(Perhitungan!$BQ$6:$BQ$65,$AI7)="",NA(),INDEX(Perhitungan!$BQ$6:$BQ$65,$AI7))) -> #N/A | AC7: =IF($AI7="",NA(),IF(INDEX(Perhitungan!$BR$6:$BR$65,$AI7)="",NA(),INDEX(Perhitungan!$BR$6:$BR$65,$AI7))) -> #N/A | AD7: =IF($AI7="",NA(),IF(INDEX(Perhitungan!$BS$6:$BS$65,$AI7)="",NA(),INDEX(Perhitungan!$BS$6:$BS$65,$AI7))) -> #N/A | AE7: =IF($AI7="",NA(),IF(INDEX(Perhitungan!$BT$6:$BT$65,$AI7)="",NA(),INDEX(Perhitungan!$BT$6:$BT$65,$AI7))) -> #N/A | AF7: =IF($AI7="",NA(),IF(INDEX(Perhitungan!$BU$6:$BU$65,$AI7)="",NA(),INDEX(Perhitungan!$BU$6:$BU$65,$AI7))) -> #N/A | AG7: =IF($AI7="",NA(),IF(INDEX(Perhitungan!$BV$6:$BV$65,$AI7)="",NA(),INDEX(Perhitungan!$BV$6:$BV$65,$AI7))) -> #N/A | AH7: =LARGE(Perhitungan!$CA$6:$CA$65,A7) -> 99748175 | AI7: =IF(AH7<-1E+98,"",MATCH(AH7,Perhitungan!$CA$6:$CA$65,0)) -> 2
A8: 3 | B8: =IF(AI8="","",INDEX(Perhitungan!$B$6:$B$65,AI8)) | C8: =IF($AI8="",NA(),IF(INDEX(Perhitungan!$AR$6:$AR$65,$AI8)="",NA(),INDEX(Perhitungan!$AR$6:$AR$65,$AI8))) -> #N/A | D8: =IF($AI8="",NA(),IF(INDEX(Perhitungan!$AS$6:$AS$65,$AI8)="",NA(),INDEX(Perhitungan!$AS$6:$AS$65,$AI8))) -> #N/A | E8: =IF($AI8="",NA(),IF(INDEX(Perhitungan!$AT$6:$AT$65,$AI8)="",NA(),INDEX(Perhitungan!$AT$6:$AT$65,$AI8))) -> #N/A | F8: =IF($AI8="",NA(),IF(INDEX(Perhitungan!$AU$6:$AU$65,$AI8)="",NA(),INDEX(Perhitungan!$AU$6:$AU$65,$AI8))) -> #N/A | G8: =IF($AI8="",NA(),IF(INDEX(Perhitungan!$AV$6:$AV$65,$AI8)="",NA(),INDEX(Perhitungan!$AV$6:$AV$65,$AI8))) -> #N/A | H8: =IF($AI8="",NA(),IF(INDEX(Perhitungan!$AW$6:$AW$65,$AI8)="",NA(),INDEX(Perhitungan!$AW$6:$AW$65,$AI8))) -> #N/A | I8: =IF($AI8="",NA(),IF(INDEX(Perhitungan!$AX$6:$AX$65,$AI8)="",NA(),INDEX(Perhitungan!$AX$6:$AX$65,$AI8))) -> #N/A | J8: =IF($AI8="",NA(),IF(INDEX(Perhitungan!$AY$6:$AY$65,$AI8)="",NA(),INDEX(Perhitungan!$AY$6:$AY$65,$AI8))) -> #N/A | K8: =IF($AI8="",NA(),IF(INDEX(Perhitungan!$AZ$6:$AZ$65,$AI8)="",NA(),INDEX(Perhitungan!$AZ$6:$AZ$65,$AI8))) -> #N/A | L8: =IF($AI8="",NA(),IF(INDEX(Perhitungan!$BA$6:$BA$65,$AI8)="",NA(),INDEX(Perhitungan!$BA$6:$BA$65,$AI8))) -> #N/A | M8: =IF($AI8="",NA(),IF(INDEX(Perhitungan!$BB$6:$BB$65,$AI8)="",NA(),INDEX(Perhitungan!$BB$6:$BB$65,$AI8))) -> #N/A | N8: =IF($AI8="",NA(),IF(INDEX(Perhitungan!$BC$6:$BC$65,$AI8)="",NA(),INDEX(Perhitungan!$BC$6:$BC$65,$AI8))) -> #N/A | O8: =IF($AI8="",NA(),IF(INDEX(Perhitungan!$BD$6:$BD$65,$AI8)="",NA(),INDEX(Perhitungan!$BD$6:$BD$65,$AI8))) -> #N/A | P8: =IF($AI8="",NA(),IF(INDEX(Perhitungan!$BE$6:$BE$65,$AI8)="",NA(),INDEX(Perhitungan!$BE$6:$BE$65,$AI8))) -> #N/A | Q8: =IF($AI8="",NA(),IF(INDEX(Perhitungan!$BF$6:$BF$65,$AI8)="",NA(),INDEX(Perhitungan!$BF$6:$BF$65,$AI8))) -> #N/A | R8: =IF($AI8="",NA(),IF(INDEX(Perhitungan!$BG$6:$BG$65,$AI8)="",NA(),INDEX(Perhitungan!$BG$6:$BG$65,$AI8))) -> #N/A | S8: =IF($AI8="",NA(),IF(INDEX(Perhitungan!$BH$6:$BH$65,$AI8)="",NA(),INDEX(Perhitungan!$BH$6:$BH$65,$AI8))) -> #N/A | T8: =IF($AI8="",NA(),IF(INDEX(Perhitungan!$BI$6:$BI$65,$AI8)="",NA(),INDEX(Perhitungan!$BI$6:$BI$65,$AI8))) -> #N/A | U8: =IF($AI8="",NA(),IF(INDEX(Perhitungan!$BJ$6:$BJ$65,$AI8)="",NA(),INDEX(Perhitungan!$BJ$6:$BJ$65,$AI8))) -> #N/A | V8: =IF($AI8="",NA(),IF(INDEX(Perhitungan!$BK$6:$BK$65,$AI8)="",NA(),INDEX(Perhitungan!$BK$6:$BK$65,$AI8))) -> #N/A | W8: =IF($AI8="",NA(),IF(INDEX(Perhitungan!$BL$6:$BL$65,$AI8)="",NA(),INDEX(Perhitungan!$BL$6:$BL$65,$AI8))) -> #N/A | X8: =IF($AI8="",NA(),IF(INDEX(Perhitungan!$BM$6:$BM$65,$AI8)="",NA(),INDEX(Perhitungan!$BM$6:$BM$65,$AI8))) -> #N/A | Y8: =IF($AI8="",NA(),IF(INDEX(Perhitungan!$BN$6:$BN$65,$AI8)="",NA(),INDEX(Perhitungan!$BN$6:$BN$65,$AI8))) -> #N/A | Z8: =IF($AI8="",NA(),IF(INDEX(Perhitungan!$BO$6:$BO$65,$AI8)="",NA(),INDEX(Perhitungan!$BO$6:$BO$65,$AI8))) -> #N/A | AA8: =IF($AI8="",NA(),IF(INDEX(Perhitungan!$BP$6:$BP$65,$AI8)="",NA(),INDEX(Perhitungan!$BP$6:$BP$65,$AI8))) -> #N/A | AB8: =IF($AI8="",NA(),IF(INDEX(Perhitungan!$BQ$6:$BQ$65,$AI8)="",NA(),INDEX(Perhitungan!$BQ$6:$BQ$65,$AI8))) -> #N/A | AC8: =IF($AI8="",NA(),IF(INDEX(Perhitungan!$BR$6:$BR$65,$AI8)="",NA(),INDEX(Perhitungan!$BR$6:$BR$65,$AI8))) -> #N/A | AD8: =IF($AI8="",NA(),IF(INDEX(Perhitungan!$BS$6:$BS$65,$AI8)="",NA(),INDEX(Perhitungan!$BS$6:$BS$65,$AI8))) -> #N/A | AE8: =IF($AI8="",NA(),IF(INDEX(Perhitungan!$BT$6:$BT$65,$AI8)="",NA(),INDEX(Perhitungan!$BT$6:$BT$65,$AI8))) -> #N/A | AF8: =IF($AI8="",NA(),IF(INDEX(Perhitungan!$BU$6:$BU$65,$AI8)="",NA(),INDEX(Perhitungan!$BU$6:$BU$65,$AI8))) -> #N/A | AG8: =IF($AI8="",NA(),IF(INDEX(Perhitungan!$BV$6:$BV$65,$AI8)="",NA(),INDEX(Perhitungan!$BV$6:$BV$65,$AI8))) -> #N/A | AH8: =LARGE(Perhitungan!$CA$6:$CA$65,A8) -> -1e+99 | AI8: =IF(AH8<-1E+98,"",MATCH(AH8,Perhitungan!$CA$6:$CA$65,0))
A9: 4 | B9: =IF(AI9="","",INDEX(Perhitungan!$B$6:$B$65,AI9)) | C9: =IF($AI9="",NA(),IF(INDEX(Perhitungan!$AR$6:$AR$65,$AI9)="",NA(),INDEX(Perhitungan!$AR$6:$AR$65,$AI9))) -> #N/A | D9: =IF($AI9="",NA(),IF(INDEX(Perhitungan!$AS$6:$AS$65,$AI9)="",NA(),INDEX(Perhitungan!$AS$6:$AS$65,$AI9))) -> #N/A | E9: =IF($AI9="",NA(),IF(INDEX(Perhitungan!$AT$6:$AT$65,$AI9)="",NA(),INDEX(Perhitungan!$AT$6:$AT$65,$AI9))) -> #N/A | F9: =IF($AI9="",NA(),IF(INDEX(Perhitungan!$AU$6:$AU$65,$AI9)="",NA(),INDEX(Perhitungan!$AU$6:$AU$65,$AI9))) -> #N/A | G9: =IF($AI9="",NA(),IF(INDEX(Perhitungan!$AV$6:$AV$65,$AI9)="",NA(),INDEX(Perhitungan!$AV$6:$AV$65,$AI9))) -> #N/A | H9: =IF($AI9="",NA(),IF(INDEX(Perhitungan!$AW$6:$AW$65,$AI9)="",NA(),INDEX(Perhitungan!$AW$6:$AW$65,$AI9))) -> #N/A | I9: =IF($AI9="",NA(),IF(INDEX(Perhitungan!$AX$6:$AX$65,$AI9)="",NA(),INDEX(Perhitungan!$AX$6:$AX$65,$AI9))) -> #N/A | J9: =IF($AI9="",NA(),IF(INDEX(Perhitungan!$AY$6:$AY$65,$AI9)="",NA(),INDEX(Perhitungan!$AY$6:$AY$65,$AI9))) -> #N/A | K9: =IF($AI9="",NA(),IF(INDEX(Perhitungan!$AZ$6:$AZ$65,$AI9)="",NA(),INDEX(Perhitungan!$AZ$6:$AZ$65,$AI9))) -> #N/A | L9: =IF($AI9="",NA(),IF(INDEX(Perhitungan!$BA$6:$BA$65,$AI9)="",NA(),INDEX(Perhitungan!$BA$6:$BA$65,$AI9))) -> #N/A | M9: =IF($AI9="",NA(),IF(INDEX(Perhitungan!$BB$6:$BB$65,$AI9)="",NA(),INDEX(Perhitungan!$BB$6:$BB$65,$AI9))) -> #N/A | N9: =IF($AI9="",NA(),IF(INDEX(Perhitungan!$BC$6:$BC$65,$AI9)="",NA(),INDEX(Perhitungan!$BC$6:$BC$65,$AI9))) -> #N/A | O9: =IF($AI9="",NA(),IF(INDEX(Perhitungan!$BD$6:$BD$65,$AI9)="",NA(),INDEX(Perhitungan!$BD$6:$BD$65,$AI9))) -> #N/A | P9: =IF($AI9="",NA(),IF(INDEX(Perhitungan!$BE$6:$BE$65,$AI9)="",NA(),INDEX(Perhitungan!$BE$6:$BE$65,$AI9))) -> #N/A | Q9: =IF($AI9="",NA(),IF(INDEX(Perhitungan!$BF$6:$BF$65,$AI9)="",NA(),INDEX(Perhitungan!$BF$6:$BF$65,$AI9))) -> #N/A | R9: =IF($AI9="",NA(),IF(INDEX(Perhitungan!$BG$6:$BG$65,$AI9)="",NA(),INDEX(Perhitungan!$BG$6:$BG$65,$AI9))) -> #N/A | S9: =IF($AI9="",NA(),IF(INDEX(Perhitungan!$BH$6:$BH$65,$AI9)="",NA(),INDEX(Perhitungan!$BH$6:$BH$65,$AI9))) -> #N/A | T9: =IF($AI9="",NA(),IF(INDEX(Perhitungan!$BI$6:$BI$65,$AI9)="",NA(),INDEX(Perhitungan!$BI$6:$BI$65,$AI9))) -> #N/A | U9: =IF($AI9="",NA(),IF(INDEX(Perhitungan!$BJ$6:$BJ$65,$AI9)="",NA(),INDEX(Perhitungan!$BJ$6:$BJ$65,$AI9))) -> #N/A | V9: =IF($AI9="",NA(),IF(INDEX(Perhitungan!$BK$6:$BK$65,$AI9)="",NA(),INDEX(Perhitungan!$BK$6:$BK$65,$AI9))) -> #N/A | W9: =IF($AI9="",NA(),IF(INDEX(Perhitungan!$BL$6:$BL$65,$AI9)="",NA(),INDEX(Perhitungan!$BL$6:$BL$65,$AI9))) -> #N/A | X9: =IF($AI9="",NA(),IF(INDEX(Perhitungan!$BM$6:$BM$65,$AI9)="",NA(),INDEX(Perhitungan!$BM$6:$BM$65,$AI9))) -> #N/A | Y9: =IF($AI9="",NA(),IF(INDEX(Perhitungan!$BN$6:$BN$65,$AI9)="",NA(),INDEX(Perhitungan!$BN$6:$BN$65,$AI9))) -> #N/A | Z9: =IF($AI9="",NA(),IF(INDEX(Perhitungan!$BO$6:$BO$65,$AI9)="",NA(),INDEX(Perhitungan!$BO$6:$BO$65,$AI9))) -> #N/A | AA9: =IF($AI9="",NA(),IF(INDEX(Perhitungan!$BP$6:$BP$65,$AI9)="",NA(),INDEX(Perhitungan!$BP$6:$BP$65,$AI9))) -> #N/A | AB9: =IF($AI9="",NA(),IF(INDEX(Perhitungan!$BQ$6:$BQ$65,$AI9)="",NA(),INDEX(Perhitungan!$BQ$6:$BQ$65,$AI9))) -> #N/A | AC9: =IF($AI9="",NA(),IF(INDEX(Perhitungan!$BR$6:$BR$65,$AI9)="",NA(),INDEX(Perhitungan!$BR$6:$BR$65,$AI9))) -> #N/A | AD9: =IF($AI9="",NA(),IF(INDEX(Perhitungan!$BS$6:$BS$65,$AI9)="",NA(),INDEX(Perhitungan!$BS$6:$BS$65,$AI9))) -> #N/A | AE9: =IF($AI9="",NA(),IF(INDEX(Perhitungan!$BT$6:$BT$65,$AI9)="",NA(),INDEX(Perhitungan!$BT$6:$BT$65,$AI9))) -> #N/A | AF9: =IF($AI9="",NA(),IF(INDEX(Perhitungan!$BU$6:$BU$65,$AI9)="",NA(),INDEX(Perhitungan!$BU$6:$BU$65,$AI9))) -> #N/A | AG9: =IF($AI9="",NA(),IF(INDEX(Perhitungan!$BV$6:$BV$65,$AI9)="",NA(),INDEX(Perhitungan!$BV$6:$BV$65,$AI9))) -> #N/A | AH9: =LARGE(Perhitungan!$CA$6:$CA$65,A9) -> -1e+99 | AI9: =IF(AH9<-1E+98,"",MATCH(AH9,Perhitungan!$CA$6:$CA$65,0))
A10: 5 | B10: =IF(AI10="","",INDEX(Perhitungan!$B$6:$B$65,AI10)) | C10: =IF($AI10="",NA(),IF(INDEX(Perhitungan!$AR$6:$AR$65,$AI10)="",NA(),INDEX(Perhitungan!$AR$6:$AR$65,$AI10))) -> #N/A | D10: =IF($AI10="",NA(),IF(INDEX(Perhitungan!$AS$6:$AS$65,$AI10)="",NA(),INDEX(Perhitungan!$AS$6:$AS$65,$AI10))) -> #N/A | E10: =IF($AI10="",NA(),IF(INDEX(Perhitungan!$AT$6:$AT$65,$AI10)="",NA(),INDEX(Perhitungan!$AT$6:$AT$65,$AI10))) -> #N/A | F10: =IF($AI10="",NA(),IF(INDEX(Perhitungan!$AU$6:$AU$65,$AI10)="",NA(),INDEX(Perhitungan!$AU$6:$AU$65,$AI10))) -> #N/A | G10: =IF($AI10="",NA(),IF(INDEX(Perhitungan!$AV$6:$AV$65,$AI10)="",NA(),INDEX(Perhitungan!$AV$6:$AV$65,$AI10))) -> #N/A | H10: =IF($AI10="",NA(),IF(INDEX(Perhitungan!$AW$6:$AW$65,$AI10)="",NA(),INDEX(Perhitungan!$AW$6:$AW$65,$AI10))) -> #N/A | I10: =IF($AI10="",NA(),IF(INDEX(Perhitungan!$AX$6:$AX$65,$AI10)="",NA(),INDEX(Perhitungan!$AX$6:$AX$65,$AI10))) -> #N/A | J10: =IF($AI10="",NA(),IF(INDEX(Perhitungan!$AY$6:$AY$65,$AI10)="",NA(),INDEX(Perhitungan!$AY$6:$AY$65,$AI10))) -> #N/A | K10: =IF($AI10="",NA(),IF(INDEX(Perhitungan!$AZ$6:$AZ$65,$AI10)="",NA(),INDEX(Perhitungan!$AZ$6:$AZ$65,$AI10))) -> #N/A | L10: =IF($AI10="",NA(),IF(INDEX(Perhitungan!$BA$6:$BA$65,$AI10)="",NA(),INDEX(Perhitungan!$BA$6:$BA$65,$AI10))) -> #N/A | M10: =IF($AI10="",NA(),IF(INDEX(Perhitungan!$BB$6:$BB$65,$AI10)="",NA(),INDEX(Perhitungan!$BB$6:$BB$65,$AI10))) -> #N/A | N10: =IF($AI10="",NA(),IF(INDEX(Perhitungan!$BC$6:$BC$65,$AI10)="",NA(),INDEX(Perhitungan!$BC$6:$BC$65,$AI10))) -> #N/A | O10: =IF($AI10="",NA(),IF(INDEX(Perhitungan!$BD$6:$BD$65,$AI10)="",NA(),INDEX(Perhitungan!$BD$6:$BD$65,$AI10))) -> #N/A | P10: =IF($AI10="",NA(),IF(INDEX(Perhitungan!$BE$6:$BE$65,$AI10)="",NA(),INDEX(Perhitungan!$BE$6:$BE$65,$AI10))) -> #N/A | Q10: =IF($AI10="",NA(),IF(INDEX(Perhitungan!$BF$6:$BF$65,$AI10)="",NA(),INDEX(Perhitungan!$BF$6:$BF$65,$AI10))) -> #N/A | R10: =IF($AI10="",NA(),IF(INDEX(Perhitungan!$BG$6:$BG$65,$AI10)="",NA(),INDEX(Perhitungan!$BG$6:$BG$65,$AI10))) -> #N/A | S10: =IF($AI10="",NA(),IF(INDEX(Perhitungan!$BH$6:$BH$65,$AI10)="",NA(),INDEX(Perhitungan!$BH$6:$BH$65,$AI10))) -> #N/A | T10: =IF($AI10="",NA(),IF(INDEX(Perhitungan!$BI$6:$BI$65,$AI10)="",NA(),INDEX(Perhitungan!$BI$6:$BI$65,$AI10))) -> #N/A | U10: =IF($AI10="",NA(),IF(INDEX(Perhitungan!$BJ$6:$BJ$65,$AI10)="",NA(),INDEX(Perhitungan!$BJ$6:$BJ$65,$AI10))) -> #N/A | V10: =IF($AI10="",NA(),IF(INDEX(Perhitungan!$BK$6:$BK$65,$AI10)="",NA(),INDEX(Perhitungan!$BK$6:$BK$65,$AI10))) -> #N/A | W10: =IF($AI10="",NA(),IF(INDEX(Perhitungan!$BL$6:$BL$65,$AI10)="",NA(),INDEX(Perhitungan!$BL$6:$BL$65,$AI10))) -> #N/A | X10: =IF($AI10="",NA(),IF(INDEX(Perhitungan!$BM$6:$BM$65,$AI10)="",NA(),INDEX(Perhitungan!$BM$6:$BM$65,$AI10))) -> #N/A | Y10: =IF($AI10="",NA(),IF(INDEX(Perhitungan!$BN$6:$BN$65,$AI10)="",NA(),INDEX(Perhitungan!$BN$6:$BN$65,$AI10))) -> #N/A | Z10: =IF($AI10="",NA(),IF(INDEX(Perhitungan!$BO$6:$BO$65,$AI10)="",NA(),INDEX(Perhitungan!$BO$6:$BO$65,$AI10))) -> #N/A | AA10: =IF($AI10="",NA(),IF(INDEX(Perhitungan!$BP$6:$BP$65,$AI10)="",NA(),INDEX(Perhitungan!$BP$6:$BP$65,$AI10))) -> #N/A | AB10: =IF($AI10="",NA(),IF(INDEX(Perhitungan!$BQ$6:$BQ$65,$AI10)="",NA(),INDEX(Perhitungan!$BQ$6:$BQ$65,$AI10))) -> #N/A | AC10: =IF($AI10="",NA(),IF(INDEX(Perhitungan!$BR$6:$BR$65,$AI10)="",NA(),INDEX(Perhitungan!$BR$6:$BR$65,$AI10))) -> #N/A | AD10: =IF($AI10="",NA(),IF(INDEX(Perhitungan!$BS$6:$BS$65,$AI10)="",NA(),INDEX(Perhitungan!$BS$6:$BS$65,$AI10))) -> #N/A | AE10: =IF($AI10="",NA(),IF(INDEX(Perhitungan!$BT$6:$BT$65,$AI10)="",NA(),INDEX(Perhitungan!$BT$6:$BT$65,$AI10))) -> #N/A | AF10: =IF($AI10="",NA(),IF(INDEX(Perhitungan!$BU$6:$BU$65,$AI10)="",NA(),INDEX(Perhitungan!$BU$6:$BU$65,$AI10))) -> #N/A | AG10: =IF($AI10="",NA(),IF(INDEX(Perhitungan!$BV$6:$BV$65,$AI10)="",NA(),INDEX(Perhitungan!$BV$6:$BV$65,$AI10))) -> #N/A | AH10: =LARGE(Perhitungan!$CA$6:$CA$65,A10) -> -1e+99 | AI10: =IF(AH10<-1E+98,"",MATCH(AH10,Perhitungan!$CA$6:$CA$65,0))
A11: 6 | B11: =IF(AI11="","",INDEX(Perhitungan!$B$6:$B$65,AI11)) | C11: =IF($AI11="",NA(),IF(INDEX(Perhitungan!$AR$6:$AR$65,$AI11)="",NA(),INDEX(Perhitungan!$AR$6:$AR$65,$AI11))) -> #N/A | D11: =IF($AI11="",NA(),IF(INDEX(Perhitungan!$AS$6:$AS$65,$AI11)="",NA(),INDEX(Perhitungan!$AS$6:$AS$65,$AI11))) -> #N/A | E11: =IF($AI11="",NA(),IF(INDEX(Perhitungan!$AT$6:$AT$65,$AI11)="",NA(),INDEX(Perhitungan!$AT$6:$AT$65,$AI11))) -> #N/A | F11: =IF($AI11="",NA(),IF(INDEX(Perhitungan!$AU$6:$AU$65,$AI11)="",NA(),INDEX(Perhitungan!$AU$6:$AU$65,$AI11))) -> #N/A | G11: =IF($AI11="",NA(),IF(INDEX(Perhitungan!$AV$6:$AV$65,$AI11)="",NA(),INDEX(Perhitungan!$AV$6:$AV$65,$AI11))) -> #N/A | H11: =IF($AI11="",NA(),IF(INDEX(Perhitungan!$AW$6:$AW$65,$AI11)="",NA(),INDEX(Perhitungan!$AW$6:$AW$65,$AI11))) -> #N/A | I11: =IF($AI11="",NA(),IF(INDEX(Perhitungan!$AX$6:$AX$65,$AI11)="",NA(),INDEX(Perhitungan!$AX$6:$AX$65,$AI11))) -> #N/A | J11: =IF($AI11="",NA(),IF(INDEX(Perhitungan!$AY$6:$AY$65,$AI11)="",NA(),INDEX(Perhitungan!$AY$6:$AY$65,$AI11))) -> #N/A | K11: =IF($AI11="",NA(),IF(INDEX(Perhitungan!$AZ$6:$AZ$65,$AI11)="",NA(),INDEX(Perhitungan!$AZ$6:$AZ$65,$AI11))) -> #N/A | L11: =IF($AI11="",NA(),IF(INDEX(Perhitungan!$BA$6:$BA$65,$AI11)="",NA(),INDEX(Perhitungan!$BA$6:$BA$65,$AI11))) -> #N/A | M11: =IF($AI11="",NA(),IF(INDEX(Perhitungan!$BB$6:$BB$65,$AI11)="",NA(),INDEX(Perhitungan!$BB$6:$BB$65,$AI11))) -> #N/A | N11: =IF($AI11="",NA(),IF(INDEX(Perhitungan!$BC$6:$BC$65,$AI11)="",NA(),INDEX(Perhitungan!$BC$6:$BC$65,$AI11))) -> #N/A | O11: =IF($AI11="",NA(),IF(INDEX(Perhitungan!$BD$6:$BD$65,$AI11)="",NA(),INDEX(Perhitungan!$BD$6:$BD$65,$AI11))) -> #N/A | P11: =IF($AI11="",NA(),IF(INDEX(Perhitungan!$BE$6:$BE$65,$AI11)="",NA(),INDEX(Perhitungan!$BE$6:$BE$65,$AI11))) -> #N/A | Q11: =IF($AI11="",NA(),IF(INDEX(Perhitungan!$BF$6:$BF$65,$AI11)="",NA(),INDEX(Perhitungan!$BF$6:$BF$65,$AI11))) -> #N/A | R11: =IF($AI11="",NA(),IF(INDEX(Perhitungan!$BG$6:$BG$65,$AI11)="",NA(),INDEX(Perhitungan!$BG$6:$BG$65,$AI11))) -> #N/A | S11: =IF($AI11="",NA(),IF(INDEX(Perhitungan!$BH$6:$BH$65,$AI11)="",NA(),INDEX(Perhitungan!$BH$6:$BH$65,$AI11))) -> #N/A | T11: =IF($AI11="",NA(),IF(INDEX(Perhitungan!$BI$6:$BI$65,$AI11)="",NA(),INDEX(Perhitungan!$BI$6:$BI$65,$AI11))) -> #N/A | U11: =IF($AI11="",NA(),IF(INDEX(Perhitungan!$BJ$6:$BJ$65,$AI11)="",NA(),INDEX(Perhitungan!$BJ$6:$BJ$65,$AI11))) -> #N/A | V11: =IF($AI11="",NA(),IF(INDEX(Perhitungan!$BK$6:$BK$65,$AI11)="",NA(),INDEX(Perhitungan!$BK$6:$BK$65,$AI11))) -> #N/A | W11: =IF($AI11="",NA(),IF(INDEX(Perhitungan!$BL$6:$BL$65,$AI11)="",NA(),INDEX(Perhitungan!$BL$6:$BL$65,$AI11))) -> #N/A | X11: =IF($AI11="",NA(),IF(INDEX(Perhitungan!$BM$6:$BM$65,$AI11)="",NA(),INDEX(Perhitungan!$BM$6:$BM$65,$AI11))) -> #N/A | Y11: =IF($AI11="",NA(),IF(INDEX(Perhitungan!$BN$6:$BN$65,$AI11)="",NA(),INDEX(Perhitungan!$BN$6:$BN$65,$AI11))) -> #N/A | Z11: =IF($AI11="",NA(),IF(INDEX(Perhitungan!$BO$6:$BO$65,$AI11)="",NA(),INDEX(Perhitungan!$BO$6:$BO$65,$AI11))) -> #N/A | AA11: =IF($AI11="",NA(),IF(INDEX(Perhitungan!$BP$6:$BP$65,$AI11)="",NA(),INDEX(Perhitungan!$BP$6:$BP$65,$AI11))) -> #N/A | AB11: =IF($AI11="",NA(),IF(INDEX(Perhitungan!$BQ$6:$BQ$65,$AI11)="",NA(),INDEX(Perhitungan!$BQ$6:$BQ$65,$AI11))) -> #N/A | AC11: =IF($AI11="",NA(),IF(INDEX(Perhitungan!$BR$6:$BR$65,$AI11)="",NA(),INDEX(Perhitungan!$BR$6:$BR$65,$AI11))) -> #N/A | AD11: =IF($AI11="",NA(),IF(INDEX(Perhitungan!$BS$6:$BS$65,$AI11)="",NA(),INDEX(Perhitungan!$BS$6:$BS$65,$AI11))) -> #N/A | AE11: =IF($AI11="",NA(),IF(INDEX(Perhitungan!$BT$6:$BT$65,$AI11)="",NA(),INDEX(Perhitungan!$BT$6:$BT$65,$AI11))) -> #N/A | AF11: =IF($AI11="",NA(),IF(INDEX(Perhitungan!$BU$6:$BU$65,$AI11)="",NA(),INDEX(Perhitungan!$BU$6:$BU$65,$AI11))) -> #N/A | AG11: =IF($AI11="",NA(),IF(INDEX(Perhitungan!$BV$6:$BV$65,$AI11)="",NA(),INDEX(Perhitungan!$BV$6:$BV$65,$AI11))) -> #N/A | AH11: =LARGE(Perhitungan!$CA$6:$CA$65,A11) -> -1e+99 | AI11: =IF(AH11<-1E+98,"",MATCH(AH11,Perhitungan!$CA$6:$CA$65,0))
A12: 7 | B12: =IF(AI12="","",INDEX(Perhitungan!$B$6:$B$65,AI12)) | C12: =IF($AI12="",NA(),IF(INDEX(Perhitungan!$AR$6:$AR$65,$AI12)="",NA(),INDEX(Perhitungan!$AR$6:$AR$65,$AI12))) -> #N/A | D12: =IF($AI12="",NA(),IF(INDEX(Perhitungan!$AS$6:$AS$65,$AI12)="",NA(),INDEX(Perhitungan!$AS$6:$AS$65,$AI12))) -> #N/A | E12: =IF($AI12="",NA(),IF(INDEX(Perhitungan!$AT$6:$AT$65,$AI12)="",NA(),INDEX(Perhitungan!$AT$6:$AT$65,$AI12))) -> #N/A | F12: =IF($AI12="",NA(),IF(INDEX(Perhitungan!$AU$6:$AU$65,$AI12)="",NA(),INDEX(Perhitungan!$AU$6:$AU$65,$AI12))) -> #N/A | G12: =IF($AI12="",NA(),IF(INDEX(Perhitungan!$AV$6:$AV$65,$AI12)="",NA(),INDEX(Perhitungan!$AV$6:$AV$65,$AI12))) -> #N/A | H12: =IF($AI12="",NA(),IF(INDEX(Perhitungan!$AW$6:$AW$65,$AI12)="",NA(),INDEX(Perhitungan!$AW$6:$AW$65,$AI12))) -> #N/A | I12: =IF($AI12="",NA(),IF(INDEX(Perhitungan!$AX$6:$AX$65,$AI12)="",NA(),INDEX(Perhitungan!$AX$6:$AX$65,$AI12))) -> #N/A | J12: =IF($AI12="",NA(),IF(INDEX(Perhitungan!$AY$6:$AY$65,$AI12)="",NA(),INDEX(Perhitungan!$AY$6:$AY$65,$AI12))) -> #N/A | K12: =IF($AI12="",NA(),IF(INDEX(Perhitungan!$AZ$6:$AZ$65,$AI12)="",NA(),INDEX(Perhitungan!$AZ$6:$AZ$65,$AI12))) -> #N/A | L12: =IF($AI12="",NA(),IF(INDEX(Perhitungan!$BA$6:$BA$65,$AI12)="",NA(),INDEX(Perhitungan!$BA$6:$BA$65,$AI12))) -> #N/A | M12: =IF($AI12="",NA(),IF(INDEX(Perhitungan!$BB$6:$BB$65,$AI12)="",NA(),INDEX(Perhitungan!$BB$6:$BB$65,$AI12))) -> #N/A | N12: =IF($AI12="",NA(),IF(INDEX(Perhitungan!$BC$6:$BC$65,$AI12)="",NA(),INDEX(Perhitungan!$BC$6:$BC$65,$AI12))) -> #N/A | O12: =IF($AI12="",NA(),IF(INDEX(Perhitungan!$BD$6:$BD$65,$AI12)="",NA(),INDEX(Perhitungan!$BD$6:$BD$65,$AI12))) -> #N/A | P12: =IF($AI12="",NA(),IF(INDEX(Perhitungan!$BE$6:$BE$65,$AI12)="",NA(),INDEX(Perhitungan!$BE$6:$BE$65,$AI12))) -> #N/A | Q12: =IF($AI12="",NA(),IF(INDEX(Perhitungan!$BF$6:$BF$65,$AI12)="",NA(),INDEX(Perhitungan!$BF$6:$BF$65,$AI12))) -> #N/A | R12: =IF($AI12="",NA(),IF(INDEX(Perhitungan!$BG$6:$BG$65,$AI12)="",NA(),INDEX(Perhitungan!$BG$6:$BG$65,$AI12))) -> #N/A | S12: =IF($AI12="",NA(),IF(INDEX(Perhitungan!$BH$6:$BH$65,$AI12)="",NA(),INDEX(Perhitungan!$BH$6:$BH$65,$AI12))) -> #N/A | T12: =IF($AI12="",NA(),IF(INDEX(Perhitungan!$BI$6:$BI$65,$AI12)="",NA(),INDEX(Perhitungan!$BI$6:$BI$65,$AI12))) -> #N/A | U12: =IF($AI12="",NA(),IF(INDEX(Perhitungan!$BJ$6:$BJ$65,$AI12)="",NA(),INDEX(Perhitungan!$BJ$6:$BJ$65,$AI12))) -> #N/A | V12: =IF($AI12="",NA(),IF(INDEX(Perhitungan!$BK$6:$BK$65,$AI12)="",NA(),INDEX(Perhitungan!$BK$6:$BK$65,$AI12))) -> #N/A | W12: =IF($AI12="",NA(),IF(INDEX(Perhitungan!$BL$6:$BL$65,$AI12)="",NA(),INDEX(Perhitungan!$BL$6:$BL$65,$AI12))) -> #N/A | X12: =IF($AI12="",NA(),IF(INDEX(Perhitungan!$BM$6:$BM$65,$AI12)="",NA(),INDEX(Perhitungan!$BM$6:$BM$65,$AI12))) -> #N/A | Y12: =IF($AI12="",NA(),IF(INDEX(Perhitungan!$BN$6:$BN$65,$AI12)="",NA(),INDEX(Perhitungan!$BN$6:$BN$65,$AI12))) -> #N/A | Z12: =IF($AI12="",NA(),IF(INDEX(Perhitungan!$BO$6:$BO$65,$AI12)="",NA(),INDEX(Perhitungan!$BO$6:$BO$65,$AI12))) -> #N/A | AA12: =IF($AI12="",NA(),IF(INDEX(Perhitungan!$BP$6:$BP$65,$AI12)="",NA(),INDEX(Perhitungan!$BP$6:$BP$65,$AI12))) -> #N/A | AB12: =IF($AI12="",NA(),IF(INDEX(Perhitungan!$BQ$6:$BQ$65,$AI12)="",NA(),INDEX(Perhitungan!$BQ$6:$BQ$65,$AI12))) -> #N/A | AC12: =IF($AI12="",NA(),IF(INDEX(Perhitungan!$BR$6:$BR$65,$AI12)="",NA(),INDEX(Perhitungan!$BR$6:$BR$65,$AI12))) -> #N/A | AD12: =IF($AI12="",NA(),IF(INDEX(Perhitungan!$BS$6:$BS$65,$AI12)="",NA(),INDEX(Perhitungan!$BS$6:$BS$65,$AI12))) -> #N/A | AE12: =IF($AI12="",NA(),IF(INDEX(Perhitungan!$BT$6:$BT$65,$AI12)="",NA(),INDEX(Perhitungan!$BT$6:$BT$65,$AI12))) -> #N/A | AF12: =IF($AI12="",NA(),IF(INDEX(Perhitungan!$BU$6:$BU$65,$AI12)="",NA(),INDEX(Perhitungan!$BU$6:$BU$65,$AI12))) -> #N/A | AG12: =IF($AI12="",NA(),IF(INDEX(Perhitungan!$BV$6:$BV$65,$AI12)="",NA(),INDEX(Perhitungan!$BV$6:$BV$65,$AI12))) -> #N/A | AH12: =LARGE(Perhitungan!$CA$6:$CA$65,A12) -> -1e+99 | AI12: =IF(AH12<-1E+98,"",MATCH(AH12,Perhitungan!$CA$6:$CA$65,0))
A13: 8 | B13: =IF(AI13="","",INDEX(Perhitungan!$B$6:$B$65,AI13)) | C13: =IF($AI13="",NA(),IF(INDEX(Perhitungan!$AR$6:$AR$65,$AI13)="",NA(),INDEX(Perhitungan!$AR$6:$AR$65,$AI13))) -> #N/A | D13: =IF($AI13="",NA(),IF(INDEX(Perhitungan!$AS$6:$AS$65,$AI13)="",NA(),INDEX(Perhitungan!$AS$6:$AS$65,$AI13))) -> #N/A | E13: =IF($AI13="",NA(),IF(INDEX(Perhitungan!$AT$6:$AT$65,$AI13)="",NA(),INDEX(Perhitungan!$AT$6:$AT$65,$AI13))) -> #N/A | F13: =IF($AI13="",NA(),IF(INDEX(Perhitungan!$AU$6:$AU$65,$AI13)="",NA(),INDEX(Perhitungan!$AU$6:$AU$65,$AI13))) -> #N/A | G13: =IF($AI13="",NA(),IF(INDEX(Perhitungan!$AV$6:$AV$65,$AI13)="",NA(),INDEX(Perhitungan!$AV$6:$AV$65,$AI13))) -> #N/A | H13: =IF($AI13="",NA(),IF(INDEX(Perhitungan!$AW$6:$AW$65,$AI13)="",NA(),INDEX(Perhitungan!$AW$6:$AW$65,$AI13))) -> #N/A | I13: =IF($AI13="",NA(),IF(INDEX(Perhitungan!$AX$6:$AX$65,$AI13)="",NA(),INDEX(Perhitungan!$AX$6:$AX$65,$AI13))) -> #N/A | J13: =IF($AI13="",NA(),IF(INDEX(Perhitungan!$AY$6:$AY$65,$AI13)="",NA(),INDEX(Perhitungan!$AY$6:$AY$65,$AI13))) -> #N/A | K13: =IF($AI13="",NA(),IF(INDEX(Perhitungan!$AZ$6:$AZ$65,$AI13)="",NA(),INDEX(Perhitungan!$AZ$6:$AZ$65,$AI13))) -> #N/A | L13: =IF($AI13="",NA(),IF(INDEX(Perhitungan!$BA$6:$BA$65,$AI13)="",NA(),INDEX(Perhitungan!$BA$6:$BA$65,$AI13))) -> #N/A | M13: =IF($AI13="",NA(),IF(INDEX(Perhitungan!$BB$6:$BB$65,$AI13)="",NA(),INDEX(Perhitungan!$BB$6:$BB$65,$AI13))) -> #N/A | N13: =IF($AI13="",NA(),IF(INDEX(Perhitungan!$BC$6:$BC$65,$AI13)="",NA(),INDEX(Perhitungan!$BC$6:$BC$65,$AI13))) -> #N/A | O13: =IF($AI13="",NA(),IF(INDEX(Perhitungan!$BD$6:$BD$65,$AI13)="",NA(),INDEX(Perhitungan!$BD$6:$BD$65,$AI13))) -> #N/A | P13: =IF($AI13="",NA(),IF(INDEX(Perhitungan!$BE$6:$BE$65,$AI13)="",NA(),INDEX(Perhitungan!$BE$6:$BE$65,$AI13))) -> #N/A | Q13: =IF($AI13="",NA(),IF(INDEX(Perhitungan!$BF$6:$BF$65,$AI13)="",NA(),INDEX(Perhitungan!$BF$6:$BF$65,$AI13))) -> #N/A | R13: =IF($AI13="",NA(),IF(INDEX(Perhitungan!$BG$6:$BG$65,$AI13)="",NA(),INDEX(Perhitungan!$BG$6:$BG$65,$AI13))) -> #N/A | S13: =IF($AI13="",NA(),IF(INDEX(Perhitungan!$BH$6:$BH$65,$AI13)="",NA(),INDEX(Perhitungan!$BH$6:$BH$65,$AI13))) -> #N/A | T13: =IF($AI13="",NA(),IF(INDEX(Perhitungan!$BI$6:$BI$65,$AI13)="",NA(),INDEX(Perhitungan!$BI$6:$BI$65,$AI13))) -> #N/A | U13: =IF($AI13="",NA(),IF(INDEX(Perhitungan!$BJ$6:$BJ$65,$AI13)="",NA(),INDEX(Perhitungan!$BJ$6:$BJ$65,$AI13))) -> #N/A | V13: =IF($AI13="",NA(),IF(INDEX(Perhitungan!$BK$6:$BK$65,$AI13)="",NA(),INDEX(Perhitungan!$BK$6:$BK$65,$AI13))) -> #N/A | W13: =IF($AI13="",NA(),IF(INDEX(Perhitungan!$BL$6:$BL$65,$AI13)="",NA(),INDEX(Perhitungan!$BL$6:$BL$65,$AI13))) -> #N/A | X13: =IF($AI13="",NA(),IF(INDEX(Perhitungan!$BM$6:$BM$65,$AI13)="",NA(),INDEX(Perhitungan!$BM$6:$BM$65,$AI13))) -> #N/A | Y13: =IF($AI13="",NA(),IF(INDEX(Perhitungan!$BN$6:$BN$65,$AI13)="",NA(),INDEX(Perhitungan!$BN$6:$BN$65,$AI13))) -> #N/A | Z13: =IF($AI13="",NA(),IF(INDEX(Perhitungan!$BO$6:$BO$65,$AI13)="",NA(),INDEX(Perhitungan!$BO$6:$BO$65,$AI13))) -> #N/A | AA13: =IF($AI13="",NA(),IF(INDEX(Perhitungan!$BP$6:$BP$65,$AI13)="",NA(),INDEX(Perhitungan!$BP$6:$BP$65,$AI13))) -> #N/A | AB13: =IF($AI13="",NA(),IF(INDEX(Perhitungan!$BQ$6:$BQ$65,$AI13)="",NA(),INDEX(Perhitungan!$BQ$6:$BQ$65,$AI13))) -> #N/A | AC13: =IF($AI13="",NA(),IF(INDEX(Perhitungan!$BR$6:$BR$65,$AI13)="",NA(),INDEX(Perhitungan!$BR$6:$BR$65,$AI13))) -> #N/A | AD13: =IF($AI13="",NA(),IF(INDEX(Perhitungan!$BS$6:$BS$65,$AI13)="",NA(),INDEX(Perhitungan!$BS$6:$BS$65,$AI13))) -> #N/A | AE13: =IF($AI13="",NA(),IF(INDEX(Perhitungan!$BT$6:$BT$65,$AI13)="",NA(),INDEX(Perhitungan!$BT$6:$BT$65,$AI13))) -> #N/A | AF13: =IF($AI13="",NA(),IF(INDEX(Perhitungan!$BU$6:$BU$65,$AI13)="",NA(),INDEX(Perhitungan!$BU$6:$BU$65,$AI13))) -> #N/A | AG13: =IF($AI13="",NA(),IF(INDEX(Perhitungan!$BV$6:$BV$65,$AI13)="",NA(),INDEX(Perhitungan!$BV$6:$BV$65,$AI13))) -> #N/A | AH13: =LARGE(Perhitungan!$CA$6:$CA$65,A13) -> -1e+99 | AI13: =IF(AH13<-1E+98,"",MATCH(AH13,Perhitungan!$CA$6:$CA$65,0))
A14: 9 | B14: =IF(AI14="","",INDEX(Perhitungan!$B$6:$B$65,AI14)) | C14: =IF($AI14="",NA(),IF(INDEX(Perhitungan!$AR$6:$AR$65,$AI14)="",NA(),INDEX(Perhitungan!$AR$6:$AR$65,$AI14))) -> #N/A | D14: =IF($AI14="",NA(),IF(INDEX(Perhitungan!$AS$6:$AS$65,$AI14)="",NA(),INDEX(Perhitungan!$AS$6:$AS$65,$AI14))) -> #N/A | E14: =IF($AI14="",NA(),IF(INDEX(Perhitungan!$AT$6:$AT$65,$AI14)="",NA(),INDEX(Perhitungan!$AT$6:$AT$65,$AI14))) -> #N/A | F14: =IF($AI14="",NA(),IF(INDEX(Perhitungan!$AU$6:$AU$65,$AI14)="",NA(),INDEX(Perhitungan!$AU$6:$AU$65,$AI14))) -> #N/A | G14: =IF($AI14="",NA(),IF(INDEX(Perhitungan!$AV$6:$AV$65,$AI14)="",NA(),INDEX(Perhitungan!$AV$6:$AV$65,$AI14))) -> #N/A | H14: =IF($AI14="",NA(),IF(INDEX(Perhitungan!$AW$6:$AW$65,$AI14)="",NA(),INDEX(Perhitungan!$AW$6:$AW$65,$AI14))) -> #N/A | I14: =IF($AI14="",NA(),IF(INDEX(Perhitungan!$AX$6:$AX$65,$AI14)="",NA(),INDEX(Perhitungan!$AX$6:$AX$65,$AI14))) -> #N/A | J14: =IF($AI14="",NA(),IF(INDEX(Perhitungan!$AY$6:$AY$65,$AI14)="",NA(),INDEX(Perhitungan!$AY$6:$AY$65,$AI14))) -> #N/A | K14: =IF($AI14="",NA(),IF(INDEX(Perhitungan!$AZ$6:$AZ$65,$AI14)="",NA(),INDEX(Perhitungan!$AZ$6:$AZ$65,$AI14))) -> #N/A | L14: =IF($AI14="",NA(),IF(INDEX(Perhitungan!$BA$6:$BA$65,$AI14)="",NA(),INDEX(Perhitungan!$BA$6:$BA$65,$AI14))) -> #N/A | M14: =IF($AI14="",NA(),IF(INDEX(Perhitungan!$BB$6:$BB$65,$AI14)="",NA(),INDEX(Perhitungan!$BB$6:$BB$65,$AI14))) -> #N/A | N14: =IF($AI14="",NA(),IF(INDEX(Perhitungan!$BC$6:$BC$65,$AI14)="",NA(),INDEX(Perhitungan!$BC$6:$BC$65,$AI14))) -> #N/A | O14: =IF($AI14="",NA(),IF(INDEX(Perhitungan!$BD$6:$BD$65,$AI14)="",NA(),INDEX(Perhitungan!$BD$6:$BD$65,$AI14))) -> #N/A | P14: =IF($AI14="",NA(),IF(INDEX(Perhitungan!$BE$6:$BE$65,$AI14)="",NA(),INDEX(Perhitungan!$BE$6:$BE$65,$AI14))) -> #N/A | Q14: =IF($AI14="",NA(),IF(INDEX(Perhitungan!$BF$6:$BF$65,$AI14)="",NA(),INDEX(Perhitungan!$BF$6:$BF$65,$AI14))) -> #N/A | R14: =IF($AI14="",NA(),IF(INDEX(Perhitungan!$BG$6:$BG$65,$AI14)="",NA(),INDEX(Perhitungan!$BG$6:$BG$65,$AI14))) -> #N/A | S14: =IF($AI14="",NA(),IF(INDEX(Perhitungan!$BH$6:$BH$65,$AI14)="",NA(),INDEX(Perhitungan!$BH$6:$BH$65,$AI14))) -> #N/A | T14: =IF($AI14="",NA(),IF(INDEX(Perhitungan!$BI$6:$BI$65,$AI14)="",NA(),INDEX(Perhitungan!$BI$6:$BI$65,$AI14))) -> #N/A | U14: =IF($AI14="",NA(),IF(INDEX(Perhitungan!$BJ$6:$BJ$65,$AI14)="",NA(),INDEX(Perhitungan!$BJ$6:$BJ$65,$AI14))) -> #N/A | V14: =IF($AI14="",NA(),IF(INDEX(Perhitungan!$BK$6:$BK$65,$AI14)="",NA(),INDEX(Perhitungan!$BK$6:$BK$65,$AI14))) -> #N/A | W14: =IF($AI14="",NA(),IF(INDEX(Perhitungan!$BL$6:$BL$65,$AI14)="",NA(),INDEX(Perhitungan!$BL$6:$BL$65,$AI14))) -> #N/A | X14: =IF($AI14="",NA(),IF(INDEX(Perhitungan!$BM$6:$BM$65,$AI14)="",NA(),INDEX(Perhitungan!$BM$6:$BM$65,$AI14))) -> #N/A | Y14: =IF($AI14="",NA(),IF(INDEX(Perhitungan!$BN$6:$BN$65,$AI14)="",NA(),INDEX(Perhitungan!$BN$6:$BN$65,$AI14))) -> #N/A | Z14: =IF($AI14="",NA(),IF(INDEX(Perhitungan!$BO$6:$BO$65,$AI14)="",NA(),INDEX(Perhitungan!$BO$6:$BO$65,$AI14))) -> #N/A | AA14: =IF($AI14="",NA(),IF(INDEX(Perhitungan!$BP$6:$BP$65,$AI14)="",NA(),INDEX(Perhitungan!$BP$6:$BP$65,$AI14))) -> #N/A | AB14: =IF($AI14="",NA(),IF(INDEX(Perhitungan!$BQ$6:$BQ$65,$AI14)="",NA(),INDEX(Perhitungan!$BQ$6:$BQ$65,$AI14))) -> #N/A | AC14: =IF($AI14="",NA(),IF(INDEX(Perhitungan!$BR$6:$BR$65,$AI14)="",NA(),INDEX(Perhitungan!$BR$6:$BR$65,$AI14))) -> #N/A | AD14: =IF($AI14="",NA(),IF(INDEX(Perhitungan!$BS$6:$BS$65,$AI14)="",NA(),INDEX(Perhitungan!$BS$6:$BS$65,$AI14))) -> #N/A | AE14: =IF($AI14="",NA(),IF(INDEX(Perhitungan!$BT$6:$BT$65,$AI14)="",NA(),INDEX(Perhitungan!$BT$6:$BT$65,$AI14))) -> #N/A | AF14: =IF($AI14="",NA(),IF(INDEX(Perhitungan!$BU$6:$BU$65,$AI14)="",NA(),INDEX(Perhitungan!$BU$6:$BU$65,$AI14))) -> #N/A | AG14: =IF($AI14="",NA(),IF(INDEX(Perhitungan!$BV$6:$BV$65,$AI14)="",NA(),INDEX(Perhitungan!$BV$6:$BV$65,$AI14))) -> #N/A | AH14: =LARGE(Perhitungan!$CA$6:$CA$65,A14) -> -1e+99 | AI14: =IF(AH14<-1E+98,"",MATCH(AH14,Perhitungan!$CA$6:$CA$65,0))
A15: 10 | B15: =IF(AI15="","",INDEX(Perhitungan!$B$6:$B$65,AI15)) | C15: =IF($AI15="",NA(),IF(INDEX(Perhitungan!$AR$6:$AR$65,$AI15)="",NA(),INDEX(Perhitungan!$AR$6:$AR$65,$AI15))) -> #N/A | D15: =IF($AI15="",NA(),IF(INDEX(Perhitungan!$AS$6:$AS$65,$AI15)="",NA(),INDEX(Perhitungan!$AS$6:$AS$65,$AI15))) -> #N/A | E15: =IF($AI15="",NA(),IF(INDEX(Perhitungan!$AT$6:$AT$65,$AI15)="",NA(),INDEX(Perhitungan!$AT$6:$AT$65,$AI15))) -> #N/A | F15: =IF($AI15="",NA(),IF(INDEX(Perhitungan!$AU$6:$AU$65,$AI15)="",NA(),INDEX(Perhitungan!$AU$6:$AU$65,$AI15))) -> #N/A | G15: =IF($AI15="",NA(),IF(INDEX(Perhitungan!$AV$6:$AV$65,$AI15)="",NA(),INDEX(Perhitungan!$AV$6:$AV$65,$AI15))) -> #N/A | H15: =IF($AI15="",NA(),IF(INDEX(Perhitungan!$AW$6:$AW$65,$AI15)="",NA(),INDEX(Perhitungan!$AW$6:$AW$65,$AI15))) -> #N/A | I15: =IF($AI15="",NA(),IF(INDEX(Perhitungan!$AX$6:$AX$65,$AI15)="",NA(),INDEX(Perhitungan!$AX$6:$AX$65,$AI15))) -> #N/A | J15: =IF($AI15="",NA(),IF(INDEX(Perhitungan!$AY$6:$AY$65,$AI15)="",NA(),INDEX(Perhitungan!$AY$6:$AY$65,$AI15))) -> #N/A | K15: =IF($AI15="",NA(),IF(INDEX(Perhitungan!$AZ$6:$AZ$65,$AI15)="",NA(),INDEX(Perhitungan!$AZ$6:$AZ$65,$AI15))) -> #N/A | L15: =IF($AI15="",NA(),IF(INDEX(Perhitungan!$BA$6:$BA$65,$AI15)="",NA(),INDEX(Perhitungan!$BA$6:$BA$65,$AI15))) -> #N/A | M15: =IF($AI15="",NA(),IF(INDEX(Perhitungan!$BB$6:$BB$65,$AI15)="",NA(),INDEX(Perhitungan!$BB$6:$BB$65,$AI15))) -> #N/A | N15: =IF($AI15="",NA(),IF(INDEX(Perhitungan!$BC$6:$BC$65,$AI15)="",NA(),INDEX(Perhitungan!$BC$6:$BC$65,$AI15))) -> #N/A | O15: =IF($AI15="",NA(),IF(INDEX(Perhitungan!$BD$6:$BD$65,$AI15)="",NA(),INDEX(Perhitungan!$BD$6:$BD$65,$AI15))) -> #N/A | P15: =IF($AI15="",NA(),IF(INDEX(Perhitungan!$BE$6:$BE$65,$AI15)="",NA(),INDEX(Perhitungan!$BE$6:$BE$65,$AI15))) -> #N/A | Q15: =IF($AI15="",NA(),IF(INDEX(Perhitungan!$BF$6:$BF$65,$AI15)="",NA(),INDEX(Perhitungan!$BF$6:$BF$65,$AI15))) -> #N/A | R15: =IF($AI15="",NA(),IF(INDEX(Perhitungan!$BG$6:$BG$65,$AI15)="",NA(),INDEX(Perhitungan!$BG$6:$BG$65,$AI15))) -> #N/A | S15: =IF($AI15="",NA(),IF(INDEX(Perhitungan!$BH$6:$BH$65,$AI15)="",NA(),INDEX(Perhitungan!$BH$6:$BH$65,$AI15))) -> #N/A | T15: =IF($AI15="",NA(),IF(INDEX(Perhitungan!$BI$6:$BI$65,$AI15)="",NA(),INDEX(Perhitungan!$BI$6:$BI$65,$AI15))) -> #N/A | U15: =IF($AI15="",NA(),IF(INDEX(Perhitungan!$BJ$6:$BJ$65,$AI15)="",NA(),INDEX(Perhitungan!$BJ$6:$BJ$65,$AI15))) -> #N/A | V15: =IF($AI15="",NA(),IF(INDEX(Perhitungan!$BK$6:$BK$65,$AI15)="",NA(),INDEX(Perhitungan!$BK$6:$BK$65,$AI15))) -> #N/A | W15: =IF($AI15="",NA(),IF(INDEX(Perhitungan!$BL$6:$BL$65,$AI15)="",NA(),INDEX(Perhitungan!$BL$6:$BL$65,$AI15))) -> #N/A | X15: =IF($AI15="",NA(),IF(INDEX(Perhitungan!$BM$6:$BM$65,$AI15)="",NA(),INDEX(Perhitungan!$BM$6:$BM$65,$AI15))) -> #N/A | Y15: =IF($AI15="",NA(),IF(INDEX(Perhitungan!$BN$6:$BN$65,$AI15)="",NA(),INDEX(Perhitungan!$BN$6:$BN$65,$AI15))) -> #N/A | Z15: =IF($AI15="",NA(),IF(INDEX(Perhitungan!$BO$6:$BO$65,$AI15)="",NA(),INDEX(Perhitungan!$BO$6:$BO$65,$AI15))) -> #N/A | AA15: =IF($AI15="",NA(),IF(INDEX(Perhitungan!$BP$6:$BP$65,$AI15)="",NA(),INDEX(Perhitungan!$BP$6:$BP$65,$AI15))) -> #N/A | AB15: =IF($AI15="",NA(),IF(INDEX(Perhitungan!$BQ$6:$BQ$65,$AI15)="",NA(),INDEX(Perhitungan!$BQ$6:$BQ$65,$AI15))) -> #N/A | AC15: =IF($AI15="",NA(),IF(INDEX(Perhitungan!$BR$6:$BR$65,$AI15)="",NA(),INDEX(Perhitungan!$BR$6:$BR$65,$AI15))) -> #N/A | AD15: =IF($AI15="",NA(),IF(INDEX(Perhitungan!$BS$6:$BS$65,$AI15)="",NA(),INDEX(Perhitungan!$BS$6:$BS$65,$AI15))) -> #N/A | AE15: =IF($AI15="",NA(),IF(INDEX(Perhitungan!$BT$6:$BT$65,$AI15)="",NA(),INDEX(Perhitungan!$BT$6:$BT$65,$AI15))) -> #N/A | AF15: =IF($AI15="",NA(),IF(INDEX(Perhitungan!$BU$6:$BU$65,$AI15)="",NA(),INDEX(Perhitungan!$BU$6:$BU$65,$AI15))) -> #N/A | AG15: =IF($AI15="",NA(),IF(INDEX(Perhitungan!$BV$6:$BV$65,$AI15)="",NA(),INDEX(Perhitungan!$BV$6:$BV$65,$AI15))) -> #N/A | AH15: =LARGE(Perhitungan!$CA$6:$CA$65,A15) -> -1e+99 | AI15: =IF(AH15<-1E+98,"",MATCH(AH15,Perhitungan!$CA$6:$CA$65,0))
A19: # | B19: Kelas aset | C19: Awal | D19: K1 | E19: K2 | F19: K3 | G19: K4 | H19: K5 | I19: K6 | J19: K7 | K19: K8 | L19: K9 | M19: K10 | N19: K11 | O19: K12 | P19: K13 | Q19: K14 | R19: K15 | S19: K16 | T19: K17 | U19: K18 | V19: K19 | W19: K20 | X19: K21 | Y19: K22 | Z19: K23 | AA19: K24 | AB19: K25 | AC19: K26 | AD19: K27 | AE19: K28 | AF19: K29 | AG19: K30
A20: 1 | B20: Sukuk/SBN | C20: 100 | D20: =IF(Log_Putaran!$C$6="",NA(),Log_Putaran!Q6) -> 101.75 | E20: =IF(Log_Putaran!$C$7="",NA(),Log_Putaran!Q7) -> 103.53063 | F20: =IF(Log_Putaran!$C$8="",NA(),Log_Putaran!Q8) -> #N/A | G20: =IF(Log_Putaran!$C$9="",NA(),Log_Putaran!Q9) -> #N/A | H20: =IF(Log_Putaran!$C$10="",NA(),Log_Putaran!Q10) -> #N/A | I20: =IF(Log_Putaran!$C$11="",NA(),Log_Putaran!Q11) -> #N/A | J20: =IF(Log_Putaran!$C$12="",NA(),Log_Putaran!Q12) -> #N/A | K20: =IF(Log_Putaran!$C$13="",NA(),Log_Putaran!Q13) -> #N/A | L20: =IF(Log_Putaran!$C$14="",NA(),Log_Putaran!Q14) -> #N/A | M20: =IF(Log_Putaran!$C$15="",NA(),Log_Putaran!Q15) -> #N/A | N20: =IF(Log_Putaran!$C$16="",NA(),Log_Putaran!Q16) -> #N/A | O20: =IF(Log_Putaran!$C$17="",NA(),Log_Putaran!Q17) -> #N/A | P20: =IF(Log_Putaran!$C$18="",NA(),Log_Putaran!Q18) -> #N/A | Q20: =IF(Log_Putaran!$C$19="",NA(),Log_Putaran!Q19) -> #N/A | R20: =IF(Log_Putaran!$C$20="",NA(),Log_Putaran!Q20) -> #N/A | S20: =IF(Log_Putaran!$C$21="",NA(),Log_Putaran!Q21) -> #N/A | T20: =IF(Log_Putaran!$C$22="",NA(),Log_Putaran!Q22) -> #N/A | U20: =IF(Log_Putaran!$C$23="",NA(),Log_Putaran!Q23) -> #N/A | V20: =IF(Log_Putaran!$C$24="",NA(),Log_Putaran!Q24) -> #N/A | W20: =IF(Log_Putaran!$C$25="",NA(),Log_Putaran!Q25) -> #N/A | X20: =IF(Log_Putaran!$C$26="",NA(),Log_Putaran!Q26) -> #N/A | Y20: =IF(Log_Putaran!$C$27="",NA(),Log_Putaran!Q27) -> #N/A | Z20: =IF(Log_Putaran!$C$28="",NA(),Log_Putaran!Q28) -> #N/A | AA20: =IF(Log_Putaran!$C$29="",NA(),Log_Putaran!Q29) -> #N/A | AB20: =IF(Log_Putaran!$C$30="",NA(),Log_Putaran!Q30) -> #N/A | AC20: =IF(Log_Putaran!$C$31="",NA(),Log_Putaran!Q31) -> #N/A | AD20: =IF(Log_Putaran!$C$32="",NA(),Log_Putaran!Q32) -> #N/A | AE20: =IF(Log_Putaran!$C$33="",NA(),Log_Putaran!Q33) -> #N/A | AF20: =IF(Log_Putaran!$C$34="",NA(),Log_Putaran!Q34) -> #N/A | AG20: =IF(Log_Putaran!$C$35="",NA(),Log_Putaran!Q35) -> #N/A
A21: 2 | B21: Saham | C21: 100 | D21: =IF(Log_Putaran!$C$6="",NA(),Log_Putaran!R6) -> 97 | E21: =IF(Log_Putaran!$C$7="",NA(),Log_Putaran!R7) -> 93.12 | F21: =IF(Log_Putaran!$C$8="",NA(),Log_Putaran!R8) -> #N/A | G21: =IF(Log_Putaran!$C$9="",NA(),Log_Putaran!R9) -> #N/A | H21: =IF(Log_Putaran!$C$10="",NA(),Log_Putaran!R10) -> #N/A | I21: =IF(Log_Putaran!$C$11="",NA(),Log_Putaran!R11) -> #N/A | J21: =IF(Log_Putaran!$C$12="",NA(),Log_Putaran!R12) -> #N/A | K21: =IF(Log_Putaran!$C$13="",NA(),Log_Putaran!R13) -> #N/A | L21: =IF(Log_Putaran!$C$14="",NA(),Log_Putaran!R14) -> #N/A | M21: =IF(Log_Putaran!$C$15="",NA(),Log_Putaran!R15) -> #N/A | N21: =IF(Log_Putaran!$C$16="",NA(),Log_Putaran!R16) -> #N/A | O21: =IF(Log_Putaran!$C$17="",NA(),Log_Putaran!R17) -> #N/A | P21: =IF(Log_Putaran!$C$18="",NA(),Log_Putaran!R18) -> #N/A | Q21: =IF(Log_Putaran!$C$19="",NA(),Log_Putaran!R19) -> #N/A | R21: =IF(Log_Putaran!$C$20="",NA(),Log_Putaran!R20) -> #N/A | S21: =IF(Log_Putaran!$C$21="",NA(),Log_Putaran!R21) -> #N/A | T21: =IF(Log_Putaran!$C$22="",NA(),Log_Putaran!R22) -> #N/A | U21: =IF(Log_Putaran!$C$23="",NA(),Log_Putaran!R23) -> #N/A | V21: =IF(Log_Putaran!$C$24="",NA(),Log_Putaran!R24) -> #N/A | W21: =IF(Log_Putaran!$C$25="",NA(),Log_Putaran!R25) -> #N/A | X21: =IF(Log_Putaran!$C$26="",NA(),Log_Putaran!R26) -> #N/A | Y21: =IF(Log_Putaran!$C$27="",NA(),Log_Putaran!R27) -> #N/A | Z21: =IF(Log_Putaran!$C$28="",NA(),Log_Putaran!R28) -> #N/A | AA21: =IF(Log_Putaran!$C$29="",NA(),Log_Putaran!R29) -> #N/A | AB21: =IF(Log_Putaran!$C$30="",NA(),Log_Putaran!R30) -> #N/A | AC21: =IF(Log_Putaran!$C$31="",NA(),Log_Putaran!R31) -> #N/A | AD21: =IF(Log_Putaran!$C$32="",NA(),Log_Putaran!R32) -> #N/A | AE21: =IF(Log_Putaran!$C$33="",NA(),Log_Putaran!R33) -> #N/A | AF21: =IF(Log_Putaran!$C$34="",NA(),Log_Putaran!R34) -> #N/A | AG21: =IF(Log_Putaran!$C$35="",NA(),Log_Putaran!R35) -> #N/A
A22: 3 | B22: RD Pasar Uang | C22: 100 | D22: =IF(Log_Putaran!$C$6="",NA(),Log_Putaran!S6) -> 101.1 | E22: =IF(Log_Putaran!$C$7="",NA(),Log_Putaran!S7) -> 102.2121 | F22: =IF(Log_Putaran!$C$8="",NA(),Log_Putaran!S8) -> #N/A | G22: =IF(Log_Putaran!$C$9="",NA(),Log_Putaran!S9) -> #N/A | H22: =IF(Log_Putaran!$C$10="",NA(),Log_Putaran!S10) -> #N/A | I22: =IF(Log_Putaran!$C$11="",NA(),Log_Putaran!S11) -> #N/A | J22: =IF(Log_Putaran!$C$12="",NA(),Log_Putaran!S12) -> #N/A | K22: =IF(Log_Putaran!$C$13="",NA(),Log_Putaran!S13) -> #N/A | L22: =IF(Log_Putaran!$C$14="",NA(),Log_Putaran!S14) -> #N/A | M22: =IF(Log_Putaran!$C$15="",NA(),Log_Putaran!S15) -> #N/A | N22: =IF(Log_Putaran!$C$16="",NA(),Log_Putaran!S16) -> #N/A | O22: =IF(Log_Putaran!$C$17="",NA(),Log_Putaran!S17) -> #N/A | P22: =IF(Log_Putaran!$C$18="",NA(),Log_Putaran!S18) -> #N/A | Q22: =IF(Log_Putaran!$C$19="",NA(),Log_Putaran!S19) -> #N/A | R22: =IF(Log_Putaran!$C$20="",NA(),Log_Putaran!S20) -> #N/A | S22: =IF(Log_Putaran!$C$21="",NA(),Log_Putaran!S21) -> #N/A | T22: =IF(Log_Putaran!$C$22="",NA(),Log_Putaran!S22) -> #N/A | U22: =IF(Log_Putaran!$C$23="",NA(),Log_Putaran!S23) -> #N/A | V22: =IF(Log_Putaran!$C$24="",NA(),Log_Putaran!S24) -> #N/A | W22: =IF(Log_Putaran!$C$25="",NA(),Log_Putaran!S25) -> #N/A | X22: =IF(Log_Putaran!$C$26="",NA(),Log_Putaran!S26) -> #N/A | Y22: =IF(Log_Putaran!$C$27="",NA(),Log_Putaran!S27) -> #N/A | Z22: =IF(Log_Putaran!$C$28="",NA(),Log_Putaran!S28) -> #N/A | AA22: =IF(Log_Putaran!$C$29="",NA(),Log_Putaran!S29) -> #N/A | AB22: =IF(Log_Putaran!$C$30="",NA(),Log_Putaran!S30) -> #N/A | AC22: =IF(Log_Putaran!$C$31="",NA(),Log_Putaran!S31) -> #N/A | AD22: =IF(Log_Putaran!$C$32="",NA(),Log_Putaran!S32) -> #N/A | AE22: =IF(Log_Putaran!$C$33="",NA(),Log_Putaran!S33) -> #N/A | AF22: =IF(Log_Putaran!$C$34="",NA(),Log_Putaran!S34) -> #N/A | AG22: =IF(Log_Putaran!$C$35="",NA(),Log_Putaran!S35) -> #N/A
A23: 4 | B23: Emas | C23: 100 | D23: =IF(Log_Putaran!$C$6="",NA(),Log_Putaran!T6) -> 102.2 | E23: =IF(Log_Putaran!$C$7="",NA(),Log_Putaran!T7) -> 108.5364 | F23: =IF(Log_Putaran!$C$8="",NA(),Log_Putaran!T8) -> #N/A | G23: =IF(Log_Putaran!$C$9="",NA(),Log_Putaran!T9) -> #N/A | H23: =IF(Log_Putaran!$C$10="",NA(),Log_Putaran!T10) -> #N/A | I23: =IF(Log_Putaran!$C$11="",NA(),Log_Putaran!T11) -> #N/A | J23: =IF(Log_Putaran!$C$12="",NA(),Log_Putaran!T12) -> #N/A | K23: =IF(Log_Putaran!$C$13="",NA(),Log_Putaran!T13) -> #N/A | L23: =IF(Log_Putaran!$C$14="",NA(),Log_Putaran!T14) -> #N/A | M23: =IF(Log_Putaran!$C$15="",NA(),Log_Putaran!T15) -> #N/A | N23: =IF(Log_Putaran!$C$16="",NA(),Log_Putaran!T16) -> #N/A | O23: =IF(Log_Putaran!$C$17="",NA(),Log_Putaran!T17) -> #N/A | P23: =IF(Log_Putaran!$C$18="",NA(),Log_Putaran!T18) -> #N/A | Q23: =IF(Log_Putaran!$C$19="",NA(),Log_Putaran!T19) -> #N/A | R23: =IF(Log_Putaran!$C$20="",NA(),Log_Putaran!T20) -> #N/A | S23: =IF(Log_Putaran!$C$21="",NA(),Log_Putaran!T21) -> #N/A | T23: =IF(Log_Putaran!$C$22="",NA(),Log_Putaran!T22) -> #N/A | U23: =IF(Log_Putaran!$C$23="",NA(),Log_Putaran!T23) -> #N/A | V23: =IF(Log_Putaran!$C$24="",NA(),Log_Putaran!T24) -> #N/A | W23: =IF(Log_Putaran!$C$25="",NA(),Log_Putaran!T25) -> #N/A | X23: =IF(Log_Putaran!$C$26="",NA(),Log_Putaran!T26) -> #N/A | Y23: =IF(Log_Putaran!$C$27="",NA(),Log_Putaran!T27) -> #N/A | Z23: =IF(Log_Putaran!$C$28="",NA(),Log_Putaran!T28) -> #N/A | AA23: =IF(Log_Putaran!$C$29="",NA(),Log_Putaran!T29) -> #N/A | AB23: =IF(Log_Putaran!$C$30="",NA(),Log_Putaran!T30) -> #N/A | AC23: =IF(Log_Putaran!$C$31="",NA(),Log_Putaran!T31) -> #N/A | AD23: =IF(Log_Putaran!$C$32="",NA(),Log_Putaran!T32) -> #N/A | AE23: =IF(Log_Putaran!$C$33="",NA(),Log_Putaran!T33) -> #N/A | AF23: =IF(Log_Putaran!$C$34="",NA(),Log_Putaran!T34) -> #N/A | AG23: =IF(Log_Putaran!$C$35="",NA(),Log_Putaran!T35) -> #N/A
A24: 5 | B24: RD Campuran | C24: 100 | D24: =IF(Log_Putaran!$C$6="",NA(),Log_Putaran!U6) -> 99.24 | E24: =IF(Log_Putaran!$C$7="",NA(),Log_Putaran!U7) -> 97.989576 | F24: =IF(Log_Putaran!$C$8="",NA(),Log_Putaran!U8) -> #N/A | G24: =IF(Log_Putaran!$C$9="",NA(),Log_Putaran!U9) -> #N/A | H24: =IF(Log_Putaran!$C$10="",NA(),Log_Putaran!U10) -> #N/A | I24: =IF(Log_Putaran!$C$11="",NA(),Log_Putaran!U11) -> #N/A | J24: =IF(Log_Putaran!$C$12="",NA(),Log_Putaran!U12) -> #N/A | K24: =IF(Log_Putaran!$C$13="",NA(),Log_Putaran!U13) -> #N/A | L24: =IF(Log_Putaran!$C$14="",NA(),Log_Putaran!U14) -> #N/A | M24: =IF(Log_Putaran!$C$15="",NA(),Log_Putaran!U15) -> #N/A | N24: =IF(Log_Putaran!$C$16="",NA(),Log_Putaran!U16) -> #N/A | O24: =IF(Log_Putaran!$C$17="",NA(),Log_Putaran!U17) -> #N/A | P24: =IF(Log_Putaran!$C$18="",NA(),Log_Putaran!U18) -> #N/A | Q24: =IF(Log_Putaran!$C$19="",NA(),Log_Putaran!U19) -> #N/A | R24: =IF(Log_Putaran!$C$20="",NA(),Log_Putaran!U20) -> #N/A | S24: =IF(Log_Putaran!$C$21="",NA(),Log_Putaran!U21) -> #N/A | T24: =IF(Log_Putaran!$C$22="",NA(),Log_Putaran!U22) -> #N/A | U24: =IF(Log_Putaran!$C$23="",NA(),Log_Putaran!U23) -> #N/A | V24: =IF(Log_Putaran!$C$24="",NA(),Log_Putaran!U24) -> #N/A | W24: =IF(Log_Putaran!$C$25="",NA(),Log_Putaran!U25) -> #N/A | X24: =IF(Log_Putaran!$C$26="",NA(),Log_Putaran!U26) -> #N/A | Y24: =IF(Log_Putaran!$C$27="",NA(),Log_Putaran!U27) -> #N/A | Z24: =IF(Log_Putaran!$C$28="",NA(),Log_Putaran!U28) -> #N/A | AA24: =IF(Log_Putaran!$C$29="",NA(),Log_Putaran!U29) -> #N/A | AB24: =IF(Log_Putaran!$C$30="",NA(),Log_Putaran!U30) -> #N/A | AC24: =IF(Log_Putaran!$C$31="",NA(),Log_Putaran!U31) -> #N/A | AD24: =IF(Log_Putaran!$C$32="",NA(),Log_Putaran!U32) -> #N/A | AE24: =IF(Log_Putaran!$C$33="",NA(),Log_Putaran!U33) -> #N/A | AF24: =IF(Log_Putaran!$C$34="",NA(),Log_Putaran!U34) -> #N/A | AG24: =IF(Log_Putaran!$C$35="",NA(),Log_Putaran!U35) -> #N/A
A28: Rank | B28: Nama | C28: Baris
A29: 1 | B29: =IF(C29="","",INDEX(Perhitungan!$B$6:$B$65,C29)) | C29: =IF(D29<-1E+98,"",MATCH(D29,Perhitungan!$CF$6:$CF$65,0)) -> 1 | D29: =LARGE(Perhitungan!$CF$6:$CF$65,A29) -> 1.0105294e+08
A30: 2 | B30: =IF(C30="","",INDEX(Perhitungan!$B$6:$B$65,C30)) -> pandu | C30: =IF(D30<-1E+98,"",MATCH(D30,Perhitungan!$CF$6:$CF$65,0)) -> 2 | D30: =LARGE(Perhitungan!$CF$6:$CF$65,A30) -> 99748175
A31: 3 | B31: =IF(C31="","",INDEX(Perhitungan!$B$6:$B$65,C31)) | C31: =IF(D31<-1E+98,"",MATCH(D31,Perhitungan!$CF$6:$CF$65,0)) | D31: =LARGE(Perhitungan!$CF$6:$CF$65,A31) -> -1e+99

Sheet _Bantu
A1: Kode | B1: Tahap | C1: Kunci | D1: Sukuk/SBN | E1: Saham | F1: RD Pasar Uang | G1: Emas | H1: RD Campuran
A2: =IF(TRIM(Input!B2&"")="","",UPPER(TRIM(Input!B2&""))) -> P01 | B2: =IF(A2="","",IFERROR(VALUE(RIGHT(TRIM(Input!D2&""),1)),0)) -> 1 | C2: =IF(A2="","",A2&"|"&B2) -> P01|1 | D2: =IF(A2="","",IFERROR(VALUE(SUBSTITUTE(TRIM(Input!E2&""),"%","")),0)/IF(AND(IFERROR(VALUE(SUBSTITUTE(TRIM(Input!E2&""),"%","")),0)>0,IFERROR(VALUE(SUBSTITUTE(TRIM(Input!E2&""),"%","")),0)<1),1,100)) -> 0.5 | E2: =IF(A2="","",IFERROR(VALUE(SUBSTITUTE(TRIM(Input!F2&""),"%","")),0)/IF(AND(IFERROR(VALUE(SUBSTITUTE(TRIM(Input!F2&""),"%","")),0)>0,IFERROR(VALUE(SUBSTITUTE(TRIM(Input!F2&""),"%","")),0)<1),1,100)) -> 0.2 | F2: =IF(A2="","",IFERROR(VALUE(SUBSTITUTE(TRIM(Input!G2&""),"%","")),0)/IF(AND(IFERROR(VALUE(SUBSTITUTE(TRIM(Input!G2&""),"%","")),0)>0,IFERROR(VALUE(SUBSTITUTE(TRIM(Input!G2&""),"%","")),0)<1),1,100)) -> 0.3 | G2: =IF(A2="","",IFERROR(VALUE(SUBSTITUTE(TRIM(Input!H2&""),"%","")),0)/IF(AND(IFERROR(VALUE(SUBSTITUTE(TRIM(Input!H2&""),"%","")),0)>0,IFERROR(VALUE(SUBSTITUTE(TRIM(Input!H2&""),"%","")),0)<1),1,100)) -> 0 | H2: =IF(A2="","",IFERROR(VALUE(SUBSTITUTE(TRIM(Input!I2&""),"%","")),0)/IF(AND(IFERROR(VALUE(SUBSTITUTE(TRIM(Input!I2&""),"%","")),0)>0,IFERROR(VALUE(SUBSTITUTE(TRIM(Input!I2&""),"%","")),0)<1),1,100)) -> 0
A3: =IF(TRIM(Input!B3&"")="","",UPPER(TRIM(Input!B3&""))) -> P02 | B3: =IF(A3="","",IFERROR(VALUE(RIGHT(TRIM(Input!D3&""),1)),0)) -> 1 | C3: =IF(A3="","",A3&"|"&B3) -> P02|1 | D3: =IF(A3="","",IFERROR(VALUE(SUBSTITUTE(TRIM(Input!E3&""),"%","")),0)/IF(AND(IFERROR(VALUE(SUBSTITUTE(TRIM(Input!E3&""),"%","")),0)>0,IFERROR(VALUE(SUBSTITUTE(TRIM(Input!E3&""),"%","")),0)<1),1,100)) -> 0.2 | E3: =IF(A3="","",IFERROR(VALUE(SUBSTITUTE(TRIM(Input!F3&""),"%","")),0)/IF(AND(IFERROR(VALUE(SUBSTITUTE(TRIM(Input!F3&""),"%","")),0)>0,IFERROR(VALUE(SUBSTITUTE(TRIM(Input!F3&""),"%","")),0)<1),1,100)) -> 0.3 | F3: =IF(A3="","",IFERROR(VALUE(SUBSTITUTE(TRIM(Input!G3&""),"%","")),0)/IF(AND(IFERROR(VALUE(SUBSTITUTE(TRIM(Input!G3&""),"%","")),0)>0,IFERROR(VALUE(SUBSTITUTE(TRIM(Input!G3&""),"%","")),0)<1),1,100)) -> 0.5 | G3: =IF(A3="","",IFERROR(VALUE(SUBSTITUTE(TRIM(Input!H3&""),"%","")),0)/IF(AND(IFERROR(VALUE(SUBSTITUTE(TRIM(Input!H3&""),"%","")),0)>0,IFERROR(VALUE(SUBSTITUTE(TRIM(Input!H3&""),"%","")),0)<1),1,100)) -> 0 | H3: =IF(A3="","",IFERROR(VALUE(SUBSTITUTE(TRIM(Input!I3&""),"%","")),0)/IF(AND(IFERROR(VALUE(SUBSTITUTE(TRIM(Input!I3&""),"%","")),0)>0,IFERROR(VALUE(SUBSTITUTE(TRIM(Input!I3&""),"%","")),0)<1),1,100)) -> 0
A4: =IF(TRIM(Input!B4&"")="","",UPPER(TRIM(Input!B4&""))) -> P01 | B4: =IF(A4="","",IFERROR(VALUE(RIGHT(TRIM(Input!D4&""),1)),0)) -> 2 | C4: =IF(A4="","",A4&"|"&B4) -> P01|2 | D4: =IF(A4="","",IFERROR(VALUE(SUBSTITUTE(TRIM(Input!E4&""),"%","")),0)/IF(AND(IFERROR(VALUE(SUBSTITUTE(TRIM(Input!E4&""),"%","")),0)>0,IFERROR(VALUE(SUBSTITUTE(TRIM(Input!E4&""),"%","")),0)<1),1,100)) -> 0 | E4: =IF(A4="","",IFERROR(VALUE(SUBSTITUTE(TRIM(Input!F4&""),"%","")),0)/IF(AND(IFERROR(VALUE(SUBSTITUTE(TRIM(Input!F4&""),"%","")),0)>0,IFERROR(VALUE(SUBSTITUTE(TRIM(Input!F4&""),"%","")),0)<1),1,100)) -> 0 | F4: =IF(A4="","",IFERROR(VALUE(SUBSTITUTE(TRIM(Input!G4&""),"%","")),0)/IF(AND(IFERROR(VALUE(SUBSTITUTE(TRIM(Input!G4&""),"%","")),0)>0,IFERROR(VALUE(SUBSTITUTE(TRIM(Input!G4&""),"%","")),0)<1),1,100)) -> 0 | G4: =IF(A4="","",IFERROR(VALUE(SUBSTITUTE(TRIM(Input!H4&""),"%","")),0)/IF(AND(IFERROR(VALUE(SUBSTITUTE(TRIM(Input!H4&""),"%","")),0)>0,IFERROR(VALUE(SUBSTITUTE(TRIM(Input!H4&""),"%","")),0)<1),1,100)) -> 0 | H4: =IF(A4="","",IFERROR(VALUE(SUBSTITUTE(TRIM(Input!I4&""),"%","")),0)/IF(AND(IFERROR(VALUE(SUBSTITUTE(TRIM(Input!I4&""),"%","")),0)>0,IFERROR(VALUE(SUBSTITUTE(TRIM(Input!I4&""),"%","")),0)<1),1,100)) -> 0
A5: =IF(TRIM(Input!B5&"")="","",UPPER(TRIM(Input!B5&""))) | B5: =IF(A5="","",IFERROR(VALUE(RIGHT(TRIM(Input!D5&""),1)),0)) | C5: =IF(A5="","",A5&"|"&B5) | D5: =IF(A5="","",IFERROR(VALUE(SUBSTITUTE(TRIM(Input!E5&""),"%","")),0)/IF(AND(IFERROR(VALUE(SUBSTITUTE(TRIM(Input!E5&""),"%","")),0)>0,IFERROR(VALUE(SUBSTITUTE(TRIM(Input!E5&""),"%","")),0)<1),1,100)) | E5: =IF(A5="","",IFERROR(VALUE(SUBSTITUTE(TRIM(Input!F5&""),"%","")),0)/IF(AND(IFERROR(VALUE(SUBSTITUTE(TRIM(Input!F5&""),"%","")),0)>0,IFERROR(VALUE(SUBSTITUTE(TRIM(Input!F5&""),"%","")),0)<1),1,100)) | F5: =IF(A5="","",IFERROR(VALUE(SUBSTITUTE(TRIM(Input!G5&""),"%","")),0)/IF(AND(IFERROR(VALUE(SUBSTITUTE(TRIM(Input!G5&""),"%","")),0)>0,IFERROR(VALUE(SUBSTITUTE(TRIM(Input!G5&""),"%","")),0)<1),1,100)) | G5: =IF(A5="","",IFERROR(VALUE(SUBSTITUTE(TRIM(Input!H5&""),"%","")),0)/IF(AND(IFERROR(VALUE(SUBSTITUTE(TRIM(Input!H5&""),"%","")),0)>0,IFERROR(VALUE(SUBSTITUTE(TRIM(Input!H5&""),"%","")),0)<1),1,100)) | H5: =IF(A5="","",IFERROR(VALUE(SUBSTITUTE(TRIM(Input!I5&""),"%","")),0)/IF(AND(IFERROR(VALUE(SUBSTITUTE(TRIM(Input!I5&""),"%","")),0)>0,IFERROR(VALUE(SUBSTITUTE(TRIM(Input!I5&""),"%","")),0)<1),1,100))
A6: =IF(TRIM(Input!B6&"")="","",UPPER(TRIM(Input!B6&""))) | B6: =IF(A6="","",IFERROR(VALUE(RIGHT(TRIM(Input!D6&""),1)),0)) | C6: =IF(A6="","",A6&"|"&B6) | D6: =IF(A6="","",IFERROR(VALUE(SUBSTITUTE(TRIM(Input!E6&""),"%","")),0)/IF(AND(IFERROR(VALUE(SUBSTITUTE(TRIM(Input!E6&""),"%","")),0)>0,IFERROR(VALUE(SUBSTITUTE(TRIM(Input!E6&""),"%","")),0)<1),1,100)) | E6: =IF(A6="","",IFERROR(VALUE(SUBSTITUTE(TRIM(Input!F6&""),"%","")),0)/IF(AND(IFERROR(VALUE(SUBSTITUTE(TRIM(Input!F6&""),"%","")),0)>0,IFERROR(VALUE(SUBSTITUTE(TRIM(Input!F6&""),"%","")),0)<1),1,100)) | F6: =IF(A6="","",IFERROR(VALUE(SUBSTITUTE(TRIM(Input!G6&""),"%","")),0)/IF(AND(IFERROR(VALUE(SUBSTITUTE(TRIM(Input!G6&""),"%","")),0)>0,IFERROR(VALUE(SUBSTITUTE(TRIM(Input!G6&""),"%","")),0)<1),1,100)) | G6: =IF(A6="","",IFERROR(VALUE(SUBSTITUTE(TRIM(Input!H6&""),"%","")),0)/IF(AND(IFERROR(VALUE(SUBSTITUTE(TRIM(Input!H6&""),"%","")),0)>0,IFERROR(VALUE(SUBSTITUTE(TRIM(Input!H6&""),"%","")),0)<1),1,100)) | H6: =IF(A6="","",IFERROR(VALUE(SUBSTITUTE(TRIM(Input!I6&""),"%","")),0)/IF(AND(IFERROR(VALUE(SUBSTITUTE(TRIM(Input!I6&""),"%","")),0)>0,IFERROR(VALUE(SUBSTITUTE(TRIM(Input!I6&""),"%","")),0)<1),1,100))
A7: =IF(TRIM(Input!B7&"")="","",UPPER(TRIM(Input!B7&""))) | B7: =IF(A7="","",IFERROR(VALUE(RIGHT(TRIM(Input!D7&""),1)),0)) | C7: =IF(A7="","",A7&"|"&B7) | D7: =IF(A7="","",IFERROR(VALUE(SUBSTITUTE(TRIM(Input!E7&""),"%","")),0)/IF(AND(IFERROR(VALUE(SUBSTITUTE(TRIM(Input!E7&""),"%","")),0)>0,IFERROR(VALUE(SUBSTITUTE(TRIM(Input!E7&""),"%","")),0)<1),1,100)) | E7: =IF(A7="","",IFERROR(VALUE(SUBSTITUTE(TRIM(Input!F7&""),"%","")),0)/IF(AND(IFERROR(VALUE(SUBSTITUTE(TRIM(Input!F7&""),"%","")),0)>0,IFERROR(VALUE(SUBSTITUTE(TRIM(Input!F7&""),"%","")),0)<1),1,100)) | F7: =IF(A7="","",IFERROR(VALUE(SUBSTITUTE(TRIM(Input!G7&""),"%","")),0)/IF(AND(IFERROR(VALUE(SUBSTITUTE(TRIM(Input!G7&""),"%","")),0)>0,IFERROR(VALUE(SUBSTITUTE(TRIM(Input!G7&""),"%","")),0)<1),1,100)) | G7: =IF(A7="","",IFERROR(VALUE(SUBSTITUTE(TRIM(Input!H7&""),"%","")),0)/IF(AND(IFERROR(VALUE(SUBSTITUTE(TRIM(Input!H7&""),"%","")),0)>0,IFERROR(VALUE(SUBSTITUTE(TRIM(Input!H7&""),"%","")),0)<1),1,100)) | H7: =IF(A7="","",IFERROR(VALUE(SUBSTITUTE(TRIM(Input!I7&""),"%","")),0)/IF(AND(IFERROR(VALUE(SUBSTITUTE(TRIM(Input!I7&""),"%","")),0)>0,IFERROR(VALUE(SUBSTITUTE(TRIM(Input!I7&""),"%","")),0)<1),1,100))
A8: =IF(TRIM(Input!B8&"")="","",UPPER(TRIM(Input!B8&""))) | B8: =IF(A8="","",IFERROR(VALUE(RIGHT(TRIM(Input!D8&""),1)),0)) | C8: =IF(A8="","",A8&"|"&B8) | D8: =IF(A8="","",IFERROR(VALUE(SUBSTITUTE(TRIM(Input!E8&""),"%","")),0)/IF(AND(IFERROR(VALUE(SUBSTITUTE(TRIM(Input!E8&""),"%","")),0)>0,IFERROR(VALUE(SUBSTITUTE(TRIM(Input!E8&""),"%","")),0)<1),1,100)) | E8: =IF(A8="","",IFERROR(VALUE(SUBSTITUTE(TRIM(Input!F8&""),"%","")),0)/IF(AND(IFERROR(VALUE(SUBSTITUTE(TRIM(Input!F8&""),"%","")),0)>0,IFERROR(VALUE(SUBSTITUTE(TRIM(Input!F8&""),"%","")),0)<1),1,100)) | F8: =IF(A8="","",IFERROR(VALUE(SUBSTITUTE(TRIM(Input!G8&""),"%","")),0)/IF(AND(IFERROR(VALUE(SUBSTITUTE(TRIM(Input!G8&""),"%","")),0)>0,IFERROR(VALUE(SUBSTITUTE(TRIM(Input!G8&""),"%","")),0)<1),1,100)) | G8: =IF(A8="","",IFERROR(VALUE(SUBSTITUTE(TRIM(Input!H8&""),"%","")),0)/IF(AND(IFERROR(VALUE(SUBSTITUTE(TRIM(Input!H8&""),"%","")),0)>0,IFERROR(VALUE(SUBSTITUTE(TRIM(Input!H8&""),"%","")),0)<1),1,100)) | H8: =IF(A8="","",IFERROR(VALUE(SUBSTITUTE(TRIM(Input!I8&""),"%","")),0)/IF(AND(IFERROR(VALUE(SUBSTITUTE(TRIM(Input!I8&""),"%","")),0)>0,IFERROR(VALUE(SUBSTITUTE(TRIM(Input!I8&""),"%","")),0)<1),1,100))
A9: =IF(TRIM(Input!B9&"")="","",UPPER(TRIM(Input!B9&""))) | B9: =IF(A9="","",IFERROR(VALUE(RIGHT(TRIM(Input!D9&""),1)),0)) | C9: =IF(A9="","",A9&"|"&B9) | D9: =IF(A9="","",IFERROR(VALUE(SUBSTITUTE(TRIM(Input!E9&""),"%","")),0)/IF(AND(IFERROR(VALUE(SUBSTITUTE(TRIM(Input!E9&""),"%","")),0)>0,IFERROR(VALUE(SUBSTITUTE(TRIM(Input!E9&""),"%","")),0)<1),1,100)) | E9: =IF(A9="","",IFERROR(VALUE(SUBSTITUTE(TRIM(Input!F9&""),"%","")),0)/IF(AND(IFERROR(VALUE(SUBSTITUTE(TRIM(Input!F9&""),"%","")),0)>0,IFERROR(VALUE(SUBSTITUTE(TRIM(Input!F9&""),"%","")),0)<1),1,100)) | F9: =IF(A9="","",IFERROR(VALUE(SUBSTITUTE(TRIM(Input!G9&""),"%","")),0)/IF(AND(IFERROR(VALUE(SUBSTITUTE(TRIM(Input!G9&""),"%","")),0)>0,IFERROR(VALUE(SUBSTITUTE(TRIM(Input!G9&""),"%","")),0)<1),1,100)) | G9: =IF(A9="","",IFERROR(VALUE(SUBSTITUTE(TRIM(Input!H9&""),"%","")),0)/IF(AND(IFERROR(VALUE(SUBSTITUTE(TRIM(Input!H9&""),"%","")),0)>0,IFERROR(VALUE(SUBSTITUTE(TRIM(Input!H9&""),"%","")),0)<1),1,100)) | H9: =IF(A9="","",IFERROR(VALUE(SUBSTITUTE(TRIM(Input!I9&""),"%","")),0)/IF(AND(IFERROR(VALUE(SUBSTITUTE(TRIM(Input!I9&""),"%","")),0)>0,IFERROR(VALUE(SUBSTITUTE(TRIM(Input!I9&""),"%","")),0)<1),1,100))
A10: =IF(TRIM(Input!B10&"")="","",UPPER(TRIM(Input!B10&""))) | B10: =IF(A10="","",IFERROR(VALUE(RIGHT(TRIM(Input!D10&""),1)),0)) | C10: =IF(A10="","",A10&"|"&B10) | D10: =IF(A10="","",IFERROR(VALUE(SUBSTITUTE(TRIM(Input!E10&""),"%","")),0)/IF(AND(IFERROR(VALUE(SUBSTITUTE(TRIM(Input!E10&""),"%","")),0)>0,IFERROR(VALUE(SUBSTITUTE(TRIM(Input!E10&""),"%","")),0)<1),1,100)) | E10: =IF(A10="","",IFERROR(VALUE(SUBSTITUTE(TRIM(Input!F10&""),"%","")),0)/IF(AND(IFERROR(VALUE(SUBSTITUTE(TRIM(Input!F10&""),"%","")),0)>0,IFERROR(VALUE(SUBSTITUTE(TRIM(Input!F10&""),"%","")),0)<1),1,100)) | F10: =IF(A10="","",IFERROR(VALUE(SUBSTITUTE(TRIM(Input!G10&""),"%","")),0)/IF(AND(IFERROR(VALUE(SUBSTITUTE(TRIM(Input!G10&""),"%","")),0)>0,IFERROR(VALUE(SUBSTITUTE(TRIM(Input!G10&""),"%","")),0)<1),1,100)) | G10: =IF(A10="","",IFERROR(VALUE(SUBSTITUTE(TRIM(Input!H10&""),"%","")),0)/IF(AND(IFERROR(VALUE(SUBSTITUTE(TRIM(Input!H10&""),"%","")),0)>0,IFERROR(VALUE(SUBSTITUTE(TRIM(Input!H10&""),"%","")),0)<1),1,100)) | H10: =IF(A10="","",IFERROR(VALUE(SUBSTITUTE(TRIM(Input!I10&""),"%","")),0)/IF(AND(IFERROR(VALUE(SUBSTITUTE(TRIM(Input!I10&""),"%","")),0)>0,IFERROR(VALUE(SUBSTITUTE(TRIM(Input!I10&""),"%","")),0)<1),1,100))
A11: =IF(TRIM(Input!B11&"")="","",UPPER(TRIM(Input!B11&""))) | B11: =IF(A11="","",IFERROR(VALUE(RIGHT(TRIM(Input!D11&""),1)),0)) | C11: =IF(A11="","",A11&"|"&B11) | D11: =IF(A11="","",IFERROR(VALUE(SUBSTITUTE(TRIM(Input!E11&""),"%","")),0)/IF(AND(IFERROR(VALUE(SUBSTITUTE(TRIM(Input!E11&""),"%","")),0)>0,IFERROR(VALUE(SUBSTITUTE(TRIM(Input!E11&""),"%","")),0)<1),1,100)) | E11: =IF(A11="","",IFERROR(VALUE(SUBSTITUTE(TRIM(Input!F11&""),"%","")),0)/IF(AND(IFERROR(VALUE(SUBSTITUTE(TRIM(Input!F11&""),"%","")),0)>0,IFERROR(VALUE(SUBSTITUTE(TRIM(Input!F11&""),"%","")),0)<1),1,100)) | F11: =IF(A11="","",IFERROR(VALUE(SUBSTITUTE(TRIM(Input!G11&""),"%","")),0)/IF(AND(IFERROR(VALUE(SUBSTITUTE(TRIM(Input!G11&""),"%","")),0)>0,IFERROR(VALUE(SUBSTITUTE(TRIM(Input!G11&""),"%","")),0)<1),1,100)) | G11: =IF(A11="","",IFERROR(VALUE(SUBSTITUTE(TRIM(Input!H11&""),"%","")),0)/IF(AND(IFERROR(VALUE(SUBSTITUTE(TRIM(Input!H11&""),"%","")),0)>0,IFERROR(VALUE(SUBSTITUTE(TRIM(Input!H11&""),"%","")),0)<1),1,100)) | H11: =IF(A11="","",IFERROR(VALUE(SUBSTITUTE(TRIM(Input!I11&""),"%","")),0)/IF(AND(IFERROR(VALUE(SUBSTITUTE(TRIM(Input!I11&""),"%","")),0)>0,IFERROR(VALUE(SUBSTITUTE(TRIM(Input!I11&""),"%","")),0)<1),1,100))
A12: =IF(TRIM(Input!B12&"")="","",UPPER(TRIM(Input!B12&""))) | B12: =IF(A12="","",IFERROR(VALUE(RIGHT(TRIM(Input!D12&""),1)),0)) | C12: =IF(A12="","",A12&"|"&B12) | D12: =IF(A12="","",IFERROR(VALUE(SUBSTITUTE(TRIM(Input!E12&""),"%","")),0)/IF(AND(IFERROR(VALUE(SUBSTITUTE(TRIM(Input!E12&""),"%","")),0)>0,IFERROR(VALUE(SUBSTITUTE(TRIM(Input!E12&""),"%","")),0)<1),1,100)) | E12: =IF(A12="","",IFERROR(VALUE(SUBSTITUTE(TRIM(Input!F12&""),"%","")),0)/IF(AND(IFERROR(VALUE(SUBSTITUTE(TRIM(Input!F12&""),"%","")),0)>0,IFERROR(VALUE(SUBSTITUTE(TRIM(Input!F12&""),"%","")),0)<1),1,100)) | F12: =IF(A12="","",IFERROR(VALUE(SUBSTITUTE(TRIM(Input!G12&""),"%","")),0)/IF(AND(IFERROR(VALUE(SUBSTITUTE(TRIM(Input!G12&""),"%","")),0)>0,IFERROR(VALUE(SUBSTITUTE(TRIM(Input!G12&""),"%","")),0)<1),1,100)) | G12: =IF(A12="","",IFERROR(VALUE(SUBSTITUTE(TRIM(Input!H12&""),"%","")),0)/IF(AND(IFERROR(VALUE(SUBSTITUTE(TRIM(Input!H12&""),"%","")),0)>0,IFERROR(VALUE(SUBSTITUTE(TRIM(Input!H12&""),"%","")),0)<1),1,100)) | H12: =IF(A12="","",IFERROR(VALUE(SUBSTITUTE(TRIM(Input!I12&""),"%","")),0)/IF(AND(IFERROR(VALUE(SUBSTITUTE(TRIM(Input!I12&""),"%","")),0)>0,IFERROR(VALUE(SUBSTITUTE(TRIM(Input!I12&""),"%","")),0)<1),1,100))
A13: =IF(TRIM(Input!B13&"")="","",UPPER(TRIM(Input!B13&""))) | B13: =IF(A13="","",IFERROR(VALUE(RIGHT(TRIM(Input!D13&""),1)),0)) | C13: =IF(A13="","",A13&"|"&B13) | D13: =IF(A13="","",IFERROR(VALUE(SUBSTITUTE(TRIM(Input!E13&""),"%","")),0)/IF(AND(IFERROR(VALUE(SUBSTITUTE(TRIM(Input!E13&""),"%","")),0)>0,IFERROR(VALUE(SUBSTITUTE(TRIM(Input!E13&""),"%","")),0)<1),1,100)) | E13: =IF(A13="","",IFERROR(VALUE(SUBSTITUTE(TRIM(Input!F13&""),"%","")),0)/IF(AND(IFERROR(VALUE(SUBSTITUTE(TRIM(Input!F13&""),"%","")),0)>0,IFERROR(VALUE(SUBSTITUTE(TRIM(Input!F13&""),"%","")),0)<1),1,100)) | F13: =IF(A13="","",IFERROR(VALUE(SUBSTITUTE(TRIM(Input!G13&""),"%","")),0)/IF(AND(IFERROR(VALUE(SUBSTITUTE(TRIM(Input!G13&""),"%","")),0)>0,IFERROR(VALUE(SUBSTITUTE(TRIM(Input!G13&""),"%","")),0)<1),1,100)) | G13: =IF(A13="","",IFERROR(VALUE(SUBSTITUTE(TRIM(Input!H13&""),"%","")),0)/IF(AND(IFERROR(VALUE(SUBSTITUTE(TRIM(Input!H13&""),"%","")),0)>0,IFERROR(VALUE(SUBSTITUTE(TRIM(Input!H13&""),"%","")),0)<1),1,100)) | H13: =IF(A13="","",IFERROR(VALUE(SUBSTITUTE(TRIM(Input!I13&""),"%","")),0)/IF(AND(IFERROR(VALUE(SUBSTITUTE(TRIM(Input!I13&""),"%","")),0)>0,IFERROR(VALUE(SUBSTITUTE(TRIM(Input!I13&""),"%","")),0)<1),1,100))
